Open 0,Close 0,Low 0,High 0,Gain 0,Vola (m) 0,Open 1,Close 1,Low 1,High 1,Gain 1,Vola (m) 1,Open 2,Close 2,Low 2,High 2,Gain 2,Vola (m) 2,Open 3,Close 3,Low 3,High 3,Gain 3,Vola (m) 3,Open 4,Close 4,Low 4,High 4,Gain 4,Vola (m) 4,Open 5,Close 5,Low 5,High 5,Gain 5,Vola (m) 5,Open 6,Close 6,Low 6,High 6,Gain 6,Vola (m) 6,Open 7,Close 7,Low 7,High 7,Gain 7,Vola (m) 7,Open 8,Close 8,Low 8,High 8,Gain 8,Vola (m) 8,Paused Days,Weekday,Day Close,Trend 1d,Day,Trend 3d,Trend 10d,Trend 30d,Trend 90d,Trend 300d,d_ema10,d_ema50,d_ema200
2.88,1.83,-0.22,2.88,-1.05,0.973,1.9,3.91,0.87,4.28,2.01,5.398,3.96,4.96,3.74,6.46,1.0,3.208,4.81,5.94,4.25,6.68,1.13,1.873,5.97,6.6,5.58,6.64,0.63,1.296,6.64,5.04,4.33,6.76,-1.6,1.42,4.92,5.92,4.22,6.13,1.0,1.395,5.99,7.63,5.4,7.7,1.64,1.968,7.5,7.91,6.83,8.68,0.41,0.838,1,4,139.5,0.0790532178217822,2020-05-08,,,,,,0.0,0.0,0.0
1.08,-3.76,-5.38,1.08,-4.84,1.72,-3.33,-2.4,-3.88,-0.89,0.93,4.552,-2.46,-2.03,-2.77,-0.85,0.43,2.64,-1.99,-0.24,-2.44,-0.22,1.75,1.56,-0.19,-0.05,-0.96,0.06,0.14,1.343,-0.12,0.7,-0.28,1.96,0.82,1.279,0.69,0.77,0.04,1.01,0.08,1.39,0.66,-0.54,-0.58,1.26,-1.2,1.934,-0.65,-1.08,-1.43,-0.36,-0.43,0.222,3,0,138.0,-0.010752688172043001,2020-05-11,,,,,,-0.008814887365328095,-0.010335372284328126,-0.010646835375314523
1.74,2.54,1.74,2.9,0.8,0.523,2.54,0.13,-1.85,3.46,-2.41,5.74,0.06,1.41,-0.25,2.18,1.35,3.251,1.32,1.04,0.25,1.75,-0.28,1.769,1.07,2.49,0.62,2.63,1.42,1.18,2.46,0.43,-0.87,2.64,-2.03,1.835,0.38,-0.97,-1.69,0.57,-1.35,1.566,-1.09,-7.87,-8.05,-0.95,-6.78,3.135,-8.08,-10.69,-10.7,-7.3,-2.61,0.892,1,1,123.25,-0.10688405797101452,2020-05-12,,,,,,-0.09589269475598661,-0.11207154431010846,-0.11536839047685066
1.66,5.14,-0.2,7.99,3.48,2.387,5.7,2.78,0.12,5.91,-2.92,7.588,2.65,1.7,1.43,6.37,-0.95,3.717,1.6,-2.41,-3.3,3.23,-4.01,4.595,-2.35,-3.64,-6.0,-1.92,-1.29,4.971,-3.51,-5.65,-6.08,-3.51,-2.14,3.21,-5.7,-6.05,-6.73,-3.98,-0.35,3.125,-5.95,-2.61,-7.2,-2.18,3.34,4.502,-2.62,-0.24,-2.62,0.27,2.38,0.44,1,2,122.95,-0.0024340770791074773,2020-05-13,-0.1186379928315412,,,,,-0.08171561577452069,-0.11024698727122373,-0.11648850044891379
-0.38,-4.64,-6.43,-0.33,-4.26,1.277,-4.64,-9.35,-9.72,-3.96,-4.71,5.603,-9.36,-4.87,-9.7,-3.64,4.49,4.966,-4.85,-6.07,-6.3,-1.07,-1.22,4.864,-6.05,-2.7,-6.56,-2.64,3.35,3.387,-2.65,-3.37,-3.73,-1.73,-0.72,2.449,-3.39,0.52,-4.67,0.52,3.91,3.497,0.49,5.55,0.15,5.73,5.06,5.028,5.42,7.31,4.92,7.36,1.89,1.032,1,3,131.94,0.0731191541276941,2020-05-14,-0.04391304347826086,,,,,-0.011953755635287222,-0.04349395837713166,-0.051397135202370325
-4.5,-11.17,-12.67,-4.5,-6.67,1.995,-11.1,-9.24,-12.48,-8.46,1.86,6.634,-9.05,-11.83,-12.08,-6.87,-2.78,4.416,-11.75,-11.96,-13.14,-11.37,-0.21,3.113,-12.02,-10.0,-12.08,-8.92,2.02,2.745,-9.88,-8.56,-10.1,-8.14,1.32,2.479,-8.53,-9.58,-9.72,-7.43,-1.05,2.548,-9.3,-7.98,-9.81,-7.42,1.32,2.88,-7.92,-8.67,-9.05,-7.92,-0.75,0.74,1,4,120.5,-0.08670607852053958,2020-05-15,-0.022312373225152116,,,,,-0.08131702010501807,-0.12207610494647725,-0.13249314292485614
3.99,7.73,3.21,7.93,3.74,1.046,7.95,9.93,7.88,11.04,1.98,6.555,9.96,12.9,9.44,13.03,2.94,3.048,12.9,12.77,12.22,13.41,-0.13,2.631,12.71,13.54,12.23,13.54,0.83,1.591,13.57,14.41,13.56,15.73,0.84,1.925,14.45,14.41,13.66,14.97,-0.04,1.772,14.46,15.09,14.46,16.39,0.63,2.525,14.93,14.52,13.71,15.97,-0.41,1.277,3,0,138.0,0.14522821576763478,2020-05-18,0.12240748271655133,,,,,0.04222860613588786,0.005209432861286611,-0.0064423440180853
-2.17,-0.17,-2.17,1.37,2.0,1.062,-0.15,1.88,-1.01,2.75,2.03,6.14,1.86,4.62,1.8,4.78,2.76,3.466,4.63,4.62,3.93,5.22,-0.01,2.498,4.63,5.25,3.68,5.53,0.62,1.527,5.23,5.43,4.83,6.12,0.2,1.362,5.46,2.62,2.26,5.67,-2.84,1.948,2.54,-0.72,-0.82,4.57,-3.26,4.33,-0.85,0.14,-1.44,0.36,0.99,0.596,1,1,138.19,0.0013768115942027759,2020-05-19,0.047370016674245896,,,,,0.03544335103764662,0.006333213946084104,-0.005024164430395772
3.48,4.98,3.12,5.29,1.5,0.842,5.19,9.1,4.98,9.1,3.91,5.408,9.26,10.51,8.71,11.2,1.25,3.135,10.51,10.98,10.43,11.95,0.47,2.038,11.01,9.26,8.37,11.22,-1.75,2.412,9.29,8.89,8.12,9.62,-0.4,1.761,8.99,9.91,7.91,10.09,0.92,2.286,9.78,10.01,8.96,10.64,0.23,2.258,10.28,11.44,10.2,11.46,1.16,0.129,1,2,154.0,0.1144076995441059,2020-05-20,0.2780082987551866,,,,,0.1224953487949747,0.1161488717086383,0.10760955200987876
-2.27,-1.05,-3.9,-0.01,1.22,0.965,-1.08,-3.14,-3.9,-0.99,-2.06,4.068,-3.11,-6.21,-8.01,-2.86,-3.1,3.745,-6.22,-6.53,-8.91,-5.8,-0.31,2.813,-6.54,-6.92,-7.18,-4.81,-0.38,2.216,-6.66,-6.68,-7.19,-5.56,-0.02,2.003,-6.63,-8.34,-8.77,-6.11,-1.71,1.813,-8.33,-8.71,-9.18,-7.48,-0.38,2.483,-8.73,-7.47,-9.55,-7.15,1.26,0.814,1,3,142.5,-0.07467532467532467,2020-05-21,0.032608695652173836,,,,,0.031420325767079316,0.031473330740271255,0.02464459774320904
-5.07,-0.7,-5.61,0.25,4.37,1.13,-0.53,-1.68,-4.91,-0.53,-1.15,5.196,-1.75,-2.63,-3.82,-1.24,-0.88,3.362,-2.56,-2.44,-3.51,-2.03,0.12,1.844,-2.33,-1.52,-2.51,-0.96,0.81,1.226,-1.46,-0.98,-1.79,-0.27,0.48,1.246,-0.92,-0.28,-1.12,-0.05,0.64,1.273,-0.34,0.04,-1.19,0.34,0.38,1.803,0.06,-0.14,-0.15,0.77,-0.2,0.734,1,4,142.3,-0.00140350877192974,2020-05-22,0.029741660033287598,0.02007168458781372,,,,0.02439021658629148,0.028814244352721285,0.022970285534853918
6.82,8.05,6.13,8.92,1.23,0.41,8.05,6.32,5.41,9.5,-1.73,6.196,6.13,8.28,6.07,8.55,2.15,3.197,8.23,5.58,4.49,9.12,-2.65,2.956,5.71,6.89,5.66,7.48,1.18,1.802,6.99,6.6,6.28,7.18,-0.39,1.381,6.47,6.89,6.08,7.24,0.42,1.277,6.8,3.4,2.76,7.04,-3.4,2.746,3.31,4.25,3.17,4.71,0.94,0.582,4,1,148.35,0.04251581166549534,2020-05-26,-0.03668831168831177,0.07499999999999996,,,,0.0549113903615559,0.06951203579284893,0.06575789012812039
3.81,0.06,-0.24,4.48,-3.75,1.097,0.05,-2.54,-2.84,1.6,-2.59,6.523,-2.45,-7.31,-7.81,-1.13,-4.86,4.407,-7.31,-5.1,-8.53,-4.25,2.21,3.843,-5.37,-3.55,-5.48,-2.61,1.82,2.026,-3.61,-0.72,-4.46,-0.36,2.89,2.95,-0.59,1.8,-0.68,1.82,2.39,2.422,1.71,3.3,0.92,3.4,1.59,2.492,3.33,2.86,2.12,3.66,-0.47,0.877,1,2,152.6,0.02864846646444219,2020-05-27,0.0708771929824561,0.23813387423935084,,,,0.06859253465971449,0.09584794408440933,0.09524085629528845
-1.05,-1.06,-4.0,0.26,-0.01,1.58,-1.18,-0.9,-1.95,1.22,0.28,6.24,-1.04,0.85,-1.61,1.45,1.89,3.124,0.59,0.69,-0.85,1.07,0.1,2.114,0.69,1.81,0.53,2.0,1.12,1.7,1.92,0.68,0.48,2.4,-1.24,1.496,0.64,-0.25,-1.04,0.79,-0.89,1.548,-0.21,-6.13,-7.6,0.92,-5.92,4.208,-6.14,-5.11,-6.14,-4.0,1.03,0.593,1,3,144.8,-0.05111402359108774,2020-05-28,0.017568517217146917,0.1777145180967874,,,,0.01140305255189844,0.03821290532757238,0.03885287835943707
-2.55,0.25,-2.55,2.49,2.8,1.127,0.25,3.48,-0.4,4.21,3.23,5.745,3.48,0.69,-0.52,3.48,-2.79,3.945,0.84,1.6,-0.9,2.05,0.76,2.745,1.59,2.22,-0.69,2.97,0.63,2.311,2.26,1.75,1.08,3.29,-0.51,2.041,1.74,4.07,-0.23,4.19,2.33,4.202,4.21,6.6,4.21,7.51,2.39,4.373,6.43,7.32,5.67,7.37,0.89,1.058,1,4,155.4,0.07320441988950277,2020-05-29,0.04752275025278063,0.17780809458844926,,,,0.06883788296803184,0.10924635657569715,0.1136282910997699
-1.54,-2.9,-2.9,-0.83,-1.36,1.021,-2.78,-3.38,-4.76,-1.87,-0.6,6.026,-3.38,-1.77,-3.91,-1.06,1.61,3.037,-1.74,-2.48,-3.38,-1.54,-0.74,1.613,-2.57,-2.12,-2.84,-1.66,0.45,0.833,-1.96,-1.47,-1.96,-0.83,0.49,1.046,-1.49,-1.7,-2.25,-1.28,-0.21,0.888,-1.62,-2.04,-2.61,-1.39,-0.42,1.32,-2.06,-2.83,-2.99,-1.67,-0.77,0.386,3,0,151.0,-0.028314028314028294,2020-06-01,-0.010484927916120546,0.25311203319502074,,,,0.03134136542020993,0.07455901667700648,0.0812137603407026
2.81,1.32,0.93,3.31,-1.49,0.966,1.64,3.21,0.07,3.21,1.57,5.081,3.2,2.11,1.2,4.52,-1.09,3.037,2.06,1.44,0.13,2.13,-0.62,2.547,1.47,2.76,1.42,3.07,1.29,1.035,2.82,4.28,2.76,4.36,1.46,1.112,4.39,4.53,3.39,4.9,0.14,1.457,4.64,7.28,4.08,7.28,2.64,2.056,7.28,9.7,6.4,9.91,2.42,1.327,1,1,165.65,0.09701986754966896,2020-06-02,0.14399171270718236,0.20036231884057965,,,,0.10500206871457785,0.17060401228749633,0.18392050880429878
-0.39,1.59,-0.39,1.99,1.98,0.793,1.6,4.35,1.59,5.59,2.75,6.277,4.53,6.18,3.39,6.86,1.65,2.725,6.14,5.87,5.38,7.12,-0.27,2.348,5.87,5.71,5.2,6.54,-0.16,1.377,5.84,6.55,5.8,7.39,0.71,1.326,6.63,6.88,6.28,7.4,0.25,1.215,6.91,6.19,6.0,7.55,-0.72,1.666,6.37,6.55,6.1,7.4,0.18,0.201,1,2,176.5,0.06549954723815277,2020-06-03,0.1357786357786357,0.27722700629567987,,,,0.14059417011578734,0.23529912925298402,0.2581933755196131
-1.42,-0.86,-1.42,-0.28,0.56,0.666,-1.05,0.53,-2.45,1.05,1.58,4.367,0.31,4.2,-0.42,4.65,3.89,3.129,4.23,2.21,0.66,4.39,-2.02,3.057,2.3,0.42,0.42,2.57,-1.88,1.618,0.53,2.79,0.39,2.95,2.26,1.541,2.83,0.98,0.98,3.11,-1.85,1.455,0.97,2.4,-0.07,2.52,1.43,2.532,2.46,2.83,0.86,3.4,0.37,0.554,1,3,181.5,0.028328611898017053,2020-06-04,0.20198675496688745,0.1785714285714286,,,,0.1371563958198856,0.2569698815369412,0.29006442952836964
1.93,6.82,1.38,6.86,4.89,1.518,6.82,7.66,6.01,10.17,0.84,6.939,7.77,8.95,7.17,9.1,1.18,2.943,9.02,9.71,8.37,10.27,0.69,1.886,9.7,10.58,9.38,11.29,0.88,1.48,10.63,9.38,9.37,10.74,-1.25,1.086,9.37,9.26,9.19,10.75,-0.11,1.554,9.25,7.11,6.34,9.55,-2.14,2.751,6.89,7.44,6.74,7.8,0.55,1.034,1,4,195.0,0.07438016528925617,2020-06-05,0.1771808028976758,0.368421052631579,,,,0.17439145169418935,0.3321548168630788,0.3807163155458264
1.23,1.74,1.03,3.1,0.51,1.068,2.01,-1.35,-2.14,2.01,-3.36,5.433,-1.24,-2.34,-4.17,-1.24,-1.1,2.671,-2.24,-2.58,-3.28,-1.64,-0.34,1.453,-2.56,-3.58,-3.84,-2.48,-1.02,1.014,-3.46,-2.55,-3.63,-2.4,0.91,0.942,-2.54,-2.25,-2.7,-1.72,0.29,0.894,-2.48,-1.07,-2.88,-0.99,1.41,1.461,-1.11,-1.03,-1.73,-0.67,0.08,0.085,3,0,193.0,-0.01025641025641022,2020-06-08,0.09348441926345608,0.35628952916373846,,,,0.12902051502846645,0.3022270437664256,0.3615889791317404
-2.33,-3.37,-3.59,-2.13,-1.04,0.976,-3.52,-0.58,-4.55,-0.39,2.94,4.487,-0.93,0.7,-2.72,1.03,1.63,2.751,0.65,-0.74,-1.09,1.11,-1.39,1.869,-0.78,-0.02,-1.34,0.05,0.76,0.929,0.05,0.61,-0.07,1.09,0.56,0.825,0.8,0.73,-0.83,0.8,-0.07,1.164,0.59,0.01,-0.44,1.11,-0.58,1.528,0.08,0.78,-0.41,0.78,0.7,0.188,1,1,194.5,0.007772020725388629,2020-06-09,0.07162534435261714,0.3110886417256489,,,,0.10998604152442093,0.2964676247177793,0.3671086047072536
-0.49,1.31,-0.67,2.06,1.8,0.343,1.44,1.49,-0.48,1.56,0.05,4.667,1.49,0.39,0.38,2.76,-1.1,2.811,0.38,1.17,0.14,1.6,0.79,1.69,1.28,0.67,0.47,1.45,-0.61,0.995,0.41,0.12,-0.15,0.77,-0.29,1.083,0.06,0.81,-0.86,3.21,0.75,3.641,0.68,0.0,-0.14,2.69,-0.68,2.923,0.23,-0.77,-0.77,0.23,-1.0,0.198,1,2,193.0,-0.007712082262210762,2020-06-10,-0.01025641025641022,0.2647444298820447,,,,0.0814820800524334,0.27217741096268666,0.35176938923047385
-2.12,-6.32,-7.41,0.0,-4.2,1.282,-6.73,-7.67,-10.88,-6.47,-0.94,5.95,-7.62,-8.99,-9.16,-5.52,-1.37,3.354,-9.17,-9.61,-10.19,-7.46,-0.44,2.901,-9.72,-12.76,-13.07,-9.23,-3.04,3.238,-12.9,-12.05,-12.9,-10.63,0.85,2.902,-12.17,-16.17,-16.95,-12.11,-4.0,3.366,-16.29,-18.29,-18.38,-14.54,-2.0,5.189,-18.27,-14.69,-18.98,-14.69,3.58,0.617,1,3,164.65,-0.14689119170984455,2020-06-11,-0.14689119170984455,0.1370856353591159,,,,-0.06421275702170881,0.08168716127585718,0.15145105293652605
0.22,4.46,0.21,4.73,4.24,0.75,4.69,3.98,3.52,5.67,-0.71,5.898,4.24,-1.29,-1.45,5.03,-5.53,4.04,-1.28,1.22,-4.41,1.24,2.5,5.509,1.18,-0.82,-2.17,2.03,-2.0,3.371,-1.0,-6.47,-6.53,-0.96,-5.47,3.403,-6.38,-2.66,-6.53,-2.57,3.72,4.691,-2.53,-0.18,-4.17,0.45,2.35,4.325,-0.22,-0.09,-0.46,0.59,0.13,0.015,1,4,164.5,-0.0009110233829335845,2020-06-12,-0.1542416452442159,0.05855855855855863,,,,-0.05387254493556659,0.07729233297445148,0.14868300650407762
-7.69,-6.87,-7.69,-4.56,0.82,1.009,-6.43,-3.34,-7.76,-3.19,3.09,7.255,-3.22,-3.49,-4.78,-1.73,-0.27,4.034,-3.35,-2.45,-3.75,-1.28,0.9,3.282,-2.49,1.12,-2.62,1.2,3.61,2.572,1.15,0.53,0.3,2.38,-0.62,1.886,0.64,3.41,0.64,4.52,2.77,3.75,3.46,4.25,1.05,4.41,0.79,3.368,4.25,6.99,3.35,6.99,2.74,0.495,3,0,176.0,0.06990881458966558,2020-06-15,-0.08808290155440412,0.16556291390728473,,,,0.010016829092828639,0.14574784337543178,0.2261922335760802
0.0,5.52,0.0,6.19,5.52,1.035,5.73,6.37,4.93,7.57,0.64,5.628,5.97,-0.11,-0.3,6.87,-6.08,4.792,-0.4,2.3,-2.56,3.51,2.7,4.712,2.56,3.42,0.95,4.26,0.86,2.445,3.46,1.96,1.42,3.86,-1.5,1.593,2.13,2.68,1.53,3.9,0.55,2.673,2.16,2.78,0.16,3.0,0.62,3.262,2.6,3.97,1.7,3.98,1.37,0.492,1,1,182.98,0.03965909090909081,2020-06-16,0.11132705739447313,0.10461817084213698,,,,0.040599339013831504,0.18232265489878086,0.27134535012022964
0.01,0.83,0.01,2.2,0.82,0.643,0.8,0.67,0.13,2.99,-0.13,4.541,0.85,1.98,-0.53,2.25,1.13,2.967,1.89,1.87,0.94,2.25,-0.02,1.424,1.96,2.53,1.21,2.8,0.57,1.131,2.6,3.09,2.6,3.8,0.49,1.019,3.04,3.02,2.58,3.85,-0.02,1.095,2.99,1.26,0.55,3.01,-1.73,2.784,1.42,0.12,0.01,1.84,-1.3,0.576,1,2,183.2,0.0012023171931359045,2020-06-17,0.113677811550152,0.0379603399433428,,,,0.03398271276771592,0.17527555254913585,0.2694272083396003
2.07,-0.11,-1.27,2.07,-2.18,0.146,-0.05,0.15,-0.72,1.54,0.2,4.189,0.27,1.68,-0.59,1.75,1.41,2.517,1.77,0.89,0.38,2.19,-0.88,1.444,0.99,0.55,0.0,1.0,-0.44,0.781,0.35,0.76,-0.05,0.77,0.41,0.61,0.79,-0.16,-0.22,0.79,-0.95,0.942,-0.22,0.87,-0.91,0.93,1.09,1.469,0.83,1.53,-0.29,1.7,0.7,0.488,1,3,186.0,0.015283842794759916,2020-06-18,0.05681818181818188,0.024793388429751984,,,,0.04036853697619991,0.18426396051100258,0.28513555777855837
1.11,2.69,1.11,2.78,1.58,0.524,2.74,3.04,1.22,3.59,0.3,3.846,3.07,1.79,1.54,3.71,-1.28,2.072,1.87,1.63,1.46,3.01,-0.24,1.474,1.77,0.42,-2.84,1.81,-1.35,3.604,0.37,-2.19,-2.43,0.37,-2.56,2.074,-1.97,-1.15,-3.18,-0.75,0.82,2.671,-1.31,-2.52,-2.69,-0.26,-1.21,2.467,-2.69,-4.19,-4.87,-2.69,-1.5,1.296,1,4,178.2,-0.041935483870967794,2020-06-19,-0.026123073559951915,-0.08615384615384625,,,,-0.0026687080232093985,0.1286437531230371,0.2284162848587361
1.57,2.13,-0.14,2.38,0.56,0.709,2.08,0.79,-1.45,2.08,-1.29,5.63,0.91,0.68,0.62,2.67,-0.23,2.347,0.45,2.03,0.24,2.56,1.58,1.39,2.07,4.07,2.05,4.39,2.0,1.255,3.97,4.12,3.0,4.18,0.15,1.039,4.15,4.57,3.19,4.79,0.42,1.211,4.57,4.23,2.51,4.63,-0.34,1.804,4.29,5.22,4.03,5.5,0.93,0.301,3,0,187.5,0.05218855218855234,2020-06-22,0.02347161572052414,-0.02849740932642486,0.34408602150537626,,,0.04004276765290804,0.1788757045370044,0.2887743142602537
0.8,0.67,0.67,2.24,-0.13,0.601,0.99,0.56,-0.26,1.74,-0.43,3.543,0.66,0.65,-0.31,1.43,-0.01,1.987,0.62,2.58,0.18,2.58,1.96,1.366,2.64,2.21,1.81,3.04,-0.43,1.176,2.14,2.4,2.12,2.82,0.26,0.862,2.21,1.3,1.13,2.26,-0.91,1.018,1.19,-0.15,-0.63,1.47,-1.34,1.971,-0.07,-0.53,-0.92,0.52,-0.46,0.454,1,1,186.5,-0.005333333333333301,2020-06-23,0.0026881720430107503,-0.041131105398457546,0.35144927536231885,,,0.028047979722008343,0.16470544153593147,0.2783151980915728
-1.88,-1.34,-2.41,-0.7,0.54,0.727,-1.41,-2.64,-2.92,0.41,-1.23,3.862,-2.57,-3.01,-3.98,-1.94,-0.44,3.328,-3.47,-7.26,-8.57,-3.12,-3.79,3.756,-7.35,-5.35,-7.9,-5.29,2.0,2.413,-5.4,-6.32,-7.12,-4.89,-0.92,1.852,-6.18,-6.16,-7.91,-4.97,0.02,2.016,-6.08,-6.34,-6.62,-3.84,-0.26,3.038,-6.28,-7.13,-7.13,-5.36,-0.85,0.171,1,2,173.2,-0.0713136729222521,2020-06-24,-0.02805836139169471,-0.10259067357512963,0.40527383367139946,,,-0.037343074036833124,0.07819385253460553,0.1849472050992984
1.73,0.94,-1.33,2.19,-0.79,1.973,0.8,-1.86,-3.96,1.33,-2.66,5.845,-1.78,-0.47,-2.62,0.43,1.31,3.782,-0.64,-1.17,-2.42,-0.25,-0.53,2.162,-0.96,0.09,-0.96,0.68,1.05,1.307,0.09,-0.15,-0.89,0.25,-0.24,0.823,-0.24,-0.62,-1.8,-0.17,-0.38,1.0,-0.81,3.37,-0.81,3.85,4.18,2.64,3.39,3.72,2.56,3.86,0.33,0.246,1,3,179.65,0.0372401847575059,2020-06-25,-0.04186666666666661,0.09110233829334957,0.4611630744204962,,,-0.001222329229818797,0.11317970238288422,0.22627973499885945
0.19,-1.48,-2.03,1.28,-1.67,1.561,-1.48,-2.13,-2.69,0.24,-0.65,4.265,-2.59,-5.88,-6.62,-2.15,-3.29,4.203,-5.51,-3.95,-5.62,-3.55,1.56,2.333,-3.87,-4.42,-6.03,-3.87,-0.55,1.623,-4.69,-4.1,-4.7,-2.98,0.59,1.16,-4.25,-5.47,-6.17,-3.6,-1.22,1.464,-5.46,-6.18,-6.84,-3.15,-0.72,3.06,-6.28,-7.04,-7.04,-5.93,-0.76,0.413,1,4,167.0,-0.07041469524074595,2020-06-26,-0.1045576407506702,0.015197568389057725,0.2657268455358497,,,-0.05931331264043915,0.03338540839603921,0.13834663918215195
1.47,1.05,0.9,2.25,-0.42,0.536,1.03,-1.34,-2.69,1.32,-2.37,4.544,-1.2,1.54,-1.2,2.35,2.74,3.106,1.59,1.81,0.54,2.16,0.22,1.656,1.9,3.7,1.9,3.89,1.8,1.15,3.72,3.2,2.91,3.87,-0.52,0.906,3.24,2.69,2.36,3.5,-0.55,0.839,2.64,4.28,1.8,4.37,1.64,1.855,4.28,7.72,4.19,8.08,3.44,1.021,3,0,179.9,0.07724550898203586,2020-06-29,0.038683602771362624,0.02215909090909096,0.49294605809128633,,,0.010896693730284568,0.1082894289176739,0.22352400324113808
-1.05,-1.95,-2.63,0.27,-0.9,0.844,-2.06,3.31,-2.06,3.64,5.37,5.322,3.3,4.05,3.0,4.53,0.75,2.903,4.15,4.28,3.35,4.68,0.13,1.444,4.27,2.61,2.45,5.3,-1.66,1.609,2.53,2.95,1.93,3.18,0.42,1.304,2.95,3.67,2.47,3.67,0.72,1.039,3.72,4.5,2.79,5.47,0.78,2.037,4.62,3.45,3.45,4.62,-1.17,0.234,1,1,186.1,0.034463590883824224,2020-06-30,0.035903145004174686,0.017051043829926726,0.3485507246376811,,,0.03711161398205953,0.1399366821418928,0.2623537595417753
-0.67,1.18,-2.31,1.85,1.85,1.138,1.2,-2.23,-2.86,1.25,-3.43,5.181,-1.89,-0.49,-2.06,0.23,1.4,2.24,-0.37,-1.41,-2.12,-0.37,-1.04,1.473,-1.38,-1.77,-2.31,-1.19,-0.39,1.141,-1.67,-1.79,-2.39,-0.96,-0.12,0.849,-1.76,-2.15,-2.6,-1.4,-0.39,1.07,-2.18,-3.14,-3.37,-0.93,-0.96,1.551,-3.1,-3.06,-3.39,-2.82,0.04,0.149,1,2,180.4,-0.030628694250402932,2020-07-01,0.08023952095808395,-0.015283842794759694,0.3054490194659527,,,0.0043699481369514626,0.10048953697497076,0.2209719140768065
1.72,4.05,1.72,4.35,2.33,0.912,4.16,5.98,3.75,6.03,1.82,3.608,5.71,3.4,3.38,6.46,-2.31,2.743,3.46,4.99,2.51,5.04,1.53,1.994,5.04,5.14,4.3,5.16,0.1,1.138,5.18,4.78,4.72,5.67,-0.4,0.817,4.73,5.99,4.47,6.02,1.26,0.988,5.88,3.69,3.22,6.01,-2.19,1.819,3.69,4.21,3.66,4.21,0.52,0.355,1,3,188.0,0.042128603104212736,2020-07-02,0.04502501389660929,0.010752688172043001,0.22077922077922074,,,0.037873435880330764,0.14028485204637509,0.26897015475607056
4.94,4.78,3.8,5.32,-0.16,0.576,4.56,7.43,4.43,7.61,2.87,3.949,7.5,7.48,6.18,7.98,-0.02,2.357,7.37,7.89,7.27,8.46,0.52,1.283,7.93,7.75,7.68,8.47,-0.18,0.873,7.71,7.12,6.34,7.71,-0.59,0.936,6.99,6.41,5.45,7.04,-0.58,1.107,6.33,7.45,5.76,7.93,1.12,1.684,7.47,8.78,7.04,8.84,1.31,0.063,4,0,204.5,0.0877659574468086,2020-07-06,0.09887157442235361,0.1475869809203143,0.43508771929824563,,,0.10309807014507255,0.22878055621251847,0.3751383204812333
-2.69,-2.44,-2.95,-2.2,0.25,0.293,-2.45,-1.13,-2.45,-0.48,1.32,3.683,-1.09,-0.83,-2.08,-0.54,0.26,1.976,-0.84,-1.44,-1.57,-0.14,-0.6,1.079,-1.35,-2.16,-2.49,-1.35,-0.81,0.863,-2.11,-2.47,-2.82,-1.68,-0.36,1.042,-2.69,-3.18,-3.74,-2.2,-0.49,1.062,-3.24,-5.21,-5.38,-3.1,-1.97,1.872,-4.85,-3.91,-5.42,-3.91,0.94,0.298,1,1,196.5,-0.03911980440097795,2020-07-07,0.08924611973392449,0.04800000000000004,0.38088545326774415,,,0.04851718820758699,0.17240243451500126,0.31713172269713197
1.02,1.42,1.02,1.73,0.4,0.327,1.53,1.65,0.34,1.81,0.12,3.473,1.7,2.34,1.44,2.73,0.64,1.568,2.37,1.12,-1.11,2.42,-1.25,2.133,1.26,1.81,0.89,1.9,0.55,0.758,1.63,0.3,0.0,1.83,-1.33,0.702,0.15,0.96,0.0,1.09,0.81,1.211,1.01,3.31,0.91,3.31,2.3,1.754,3.12,3.56,2.8,3.79,0.44,0.11,1,2,203.5,0.03562340966921118,2020-07-08,0.08244680851063824,0.09115281501340489,0.3717559824738794,,,0.06917639112807517,0.20405488468895894,0.3591291194750299
0.25,0.76,0.05,1.12,0.51,0.629,0.74,0.97,-0.74,1.13,0.23,3.441,1.19,-2.34,-2.7,2.21,-3.53,3.402,-2.46,-1.9,-3.66,-1.18,0.56,2.999,-1.93,0.66,-1.97,0.66,2.59,1.278,0.66,1.65,0.6,3.78,0.99,2.357,1.51,4.09,1.43,4.23,2.58,1.348,3.97,3.68,2.57,5.35,-0.29,2.521,3.53,3.1,2.7,4.02,-0.43,0.41,1,3,209.8,0.030958230958231026,2020-07-09,0.025916870415648052,0.2113163972286376,0.3748361730013108,,,0.08215284056230976,0.22969256572738272,0.39563385243939586
0.1,0.71,-1.93,1.05,0.61,0.795,0.62,-2.25,-2.85,1.51,-2.87,5.296,-2.37,-1.26,-3.61,-0.38,1.11,3.118,-1.58,-0.56,-2.12,-0.01,1.02,1.478,-0.53,-1.7,-2.43,-0.53,-1.17,1.072,-1.57,-1.81,-2.44,-1.38,-0.24,0.765,-1.81,-2.19,-3.03,-1.69,-0.38,0.814,-2.2,-0.55,-2.48,-0.2,1.65,1.242,-0.58,-0.38,-0.86,-0.2,0.2,0.08,1,4,209.0,-0.0038131553860820677,2020-07-10,0.06361323155216292,0.16337322571667134,0.4433701657458562,,,0.0629467986825023,0.21428907217788495,0.38493341457532293
1.1,4.16,1.1,5.26,3.06,1.827,4.01,5.81,3.59,7.38,1.8,4.986,5.94,4.78,3.65,5.94,-1.16,2.54,4.75,4.78,4.16,5.5,0.03,1.301,4.58,3.83,3.75,4.9,-0.75,1.02,3.98,3.11,3.06,4.55,-0.87,1.013,3.0,2.05,-0.14,3.22,-0.95,2.795,1.99,-5.18,-5.74,1.99,-7.17,4.582,-5.18,-3.83,-5.37,-3.35,1.35,0.885,3,0,201.0,-0.038277511961722466,2020-07-13,-0.012285012285012331,0.20359281437125754,0.2934362934362933,,,0.01813918257562741,0.1601742915111799,0.327537148866875
0.87,-2.49,-3.83,2.24,-3.36,0.952,-3.03,-3.77,-7.45,-1.15,-0.74,7.321,-3.71,-2.49,-6.59,-1.17,1.22,5.3,-2.44,-0.22,-3.23,1.09,2.22,3.497,-0.0,-1.2,-1.39,1.0,-1.2,1.924,-1.08,0.97,-1.92,1.61,2.05,1.898,0.89,2.11,0.5,2.52,1.22,2.322,2.29,3.68,0.39,4.19,1.39,3.01,3.82,5.62,2.99,5.71,1.8,0.453,1,1,212.3,0.05621890547263697,2020-07-14,0.011916110581506212,0.18010005558643694,0.4059602649006624,,,0.06083898663296439,0.21466146000545394,0.3965811496775724
1.54,0.32,-0.62,1.54,-1.22,0.683,0.33,-3.94,-4.28,0.41,-4.27,5.623,-3.56,-2.55,-4.67,-1.38,1.01,2.565,-2.47,-6.65,-6.65,-2.24,-4.18,3.086,-6.45,-4.43,-7.21,-4.3,2.02,2.3,-4.29,-3.57,-4.96,-2.87,0.72,1.088,-3.61,-3.68,-3.95,-2.17,-0.07,1.702,-3.75,-2.69,-4.32,-1.91,1.06,1.974,-2.69,-4.8,-4.8,-2.03,-2.11,0.868,1,2,202.11,-0.04799811587376357,2020-07-15,-0.03296650717703342,0.08602901665771112,0.22010262601871422,,,0.008102333127499195,0.14931268361885452,0.3252024364627544
-2.53,-0.22,-2.53,-0.05,2.31,0.099,-1.04,-1.75,-2.3,-0.34,-0.71,4.905,-1.68,-0.78,-2.58,0.48,0.9,2.87,-0.76,-0.5,-2.52,-0.46,0.26,1.888,-0.45,-0.51,-1.03,0.28,-0.06,0.862,-0.61,0.57,-0.61,1.01,1.18,1.108,0.43,0.07,0.0,1.66,-0.36,1.097,0.07,1.02,-0.03,2.16,0.95,1.605,0.97,-0.05,-0.05,1.29,-1.02,0.251,1,3,202.0,-0.0005442580772847538,2020-07-16,0.004975124378109541,0.1197339246119733,0.14447592067988668,,,0.0061717952961704015,0.14202814434047273,0.32021863600839273
1.24,2.97,0.25,2.97,1.73,2.393,2.88,2.2,1.44,3.37,-0.68,3.404,2.0,2.52,0.99,3.31,0.52,2.295,2.43,3.61,2.3,3.79,1.18,1.171,3.67,2.38,2.19,3.99,-1.29,0.836,2.52,2.34,1.44,2.72,-0.18,0.667,2.32,2.99,2.32,3.25,0.67,0.707,2.92,2.9,2.4,3.51,-0.02,1.054,2.9,2.62,2.56,2.9,-0.28,0.0,1,4,207.3001,0.026238118811881206,2020-07-17,-0.023551106924164067,0.10266010638297862,0.14214931129476582,,,0.026492801321261528,0.1641408980271759,0.35009160746306267
0.22,0.72,0.22,0.97,0.5,0.0,0.74,0.18,-1.39,1.35,-0.56,4.32,0.25,1.47,-0.14,2.35,1.22,1.995,1.63,2.57,1.42,3.3,0.94,1.138,2.54,3.1,2.03,3.13,0.56,0.893,3.01,3.43,2.42,3.43,0.42,0.579,3.23,4.78,3.23,5.04,1.55,0.859,4.65,6.36,4.62,6.91,1.71,1.376,6.44,6.13,5.41,6.75,-0.31,0.682,3,0,220.0,0.06126335684353279,2020-07-20,0.08851615456929385,0.07579462102689494,0.1282051282051282,,,0.07195904381596985,0.22415654804759355,0.42665885211408106
2.32,2.0,0.91,3.18,-0.32,0.413,1.98,1.59,0.16,2.52,-0.39,4.188,1.64,-1.24,-1.87,1.66,-2.88,3.109,-1.21,-1.82,-2.38,-0.9,-0.61,1.947,-1.76,-1.27,-2.16,-1.0,0.49,0.763,-1.26,-0.24,-1.9,-0.2,1.02,0.691,-0.16,0.15,-0.16,0.59,0.31,0.747,0.0,-1.85,-2.87,0.23,-1.85,2.329,-1.82,-0.45,-1.82,0.34,1.37,1.163,1,1,219.0,-0.004545454545454519,2020-07-21,0.08415841584158423,0.11450381679389321,0.13471502590673579,,,0.05422751416524374,0.20823491662486426,0.4142612445277727
-1.93,-0.46,-1.93,0.72,1.47,0.682,-0.46,1.09,-1.88,1.41,1.55,3.828,1.23,-1.2,-1.37,2.08,-2.43,2.38,-1.12,-0.84,-2.62,-0.35,0.28,1.832,-0.54,-1.14,-1.8,-0.21,-0.6,0.923,-1.16,-2.08,-2.15,-0.91,-0.92,0.761,-2.08,-1.45,-2.11,-0.91,0.63,1.02,-1.24,-0.19,-1.36,0.32,1.05,1.2,-0.19,-0.46,-0.91,-0.09,-0.27,0.248,1,2,218.0,-0.004566210045662156,2020-07-22,0.05161550814495519,0.07125307125307123,0.12082262210796912,,,0.04006938696120921,0.19323200179825362,0.4021140087066244
1.38,-0.16,-0.16,1.38,-1.54,0.149,0.13,1.41,-0.67,1.56,1.28,3.367,1.25,2.08,-0.08,2.8,0.83,2.85,2.23,1.52,1.15,2.75,-0.71,1.644,1.51,-2.11,-2.76,1.51,-3.62,2.725,-2.18,-4.32,-5.73,-1.05,-2.14,2.478,-4.55,-4.17,-7.04,-4.08,0.38,3.643,-4.04,-4.44,-5.51,-3.83,-0.4,2.917,-4.4,-5.32,-6.39,-4.4,-0.92,1.656,1,3,206.4,-0.053211009174311874,2020-07-23,-0.06181818181818177,-0.0162059103908484,0.06943005181347162,,,-0.012531508996579177,0.1240201321698704,0.323194125660913
-3.59,-4.31,-4.45,-1.72,-0.72,0.706,-4.37,-4.63,-8.21,-3.85,-0.26,8.026,-4.68,-0.53,-4.8,-0.5,4.15,3.576,-0.69,0.29,-1.57,0.53,0.98,2.332,0.18,-3.1,-3.62,0.53,-3.28,1.738,-3.4,-2.6,-4.66,-2.23,0.8,1.376,-2.55,-2.97,-3.31,-1.96,-0.42,1.076,-3.05,-3.79,-4.91,-2.54,-0.74,1.749,-3.84,-4.07,-4.07,-3.27,-0.23,0.209,1,4,198.0,-0.04069767441860472,2020-07-24,-0.09589041095890416,-0.052631578947368474,0.20255086547221368,,,-0.0435513274392727,0.07497536862317644,0.26595041449796697
2.75,4.04,2.53,4.04,1.29,0.324,4.04,8.15,3.9,8.18,4.11,5.646,8.21,8.16,7.41,9.06,-0.05,2.738,8.05,7.45,5.71,8.22,-0.6,2.07,7.75,8.91,7.44,9.04,1.16,1.055,9.02,9.09,8.68,9.6,0.07,0.912,9.21,8.59,8.46,9.64,-0.62,1.066,8.66,9.85,8.65,9.85,1.19,1.581,9.73,10.35,9.1,10.35,0.62,0.166,3,0,218.5,0.10353535353535359,2020-07-27,0.002293577981651307,0.08706467661691542,0.32826747720364735,,,0.04493534062735649,0.17767063237193437,0.39152388144392236
-1.26,-2.29,-2.74,-1.19,-1.03,0.833,-2.29,-5.99,-6.96,-2.29,-3.7,5.147,-6.08,-4.53,-6.28,-3.98,1.55,2.748,-4.53,-4.27,-5.57,-3.38,0.26,1.746,-4.27,-4.58,-5.05,-4.12,-0.31,0.842,-4.48,-3.73,-4.71,-3.43,0.75,0.773,-3.67,-4.83,-5.03,-3.67,-1.16,0.869,-4.92,-6.44,-6.75,-4.82,-1.52,1.857,-6.44,-3.98,-6.84,-3.98,2.46,0.727,1,1,209.8,-0.03981693363844385,2020-07-28,0.016472868217054293,-0.011775788977861468,0.19204545454545463,,,0.002722259056568088,0.12500966999560537,0.33166397794714086
0.1,0.38,0.1,0.76,0.28,0.046,0.45,0.46,-0.23,1.47,0.01,4.307,0.48,1.98,0.34,2.25,1.5,1.782,1.91,1.75,1.63,2.9,-0.16,1.297,1.66,2.16,0.86,2.49,0.5,0.952,2.34,2.24,1.89,2.53,-0.1,0.654,2.48,3.64,1.91,4.76,1.16,1.559,3.63,3.58,2.65,4.39,-0.05,2.082,3.75,7.7,2.72,8.67,3.95,1.512,1,2,225.95,0.07697807435652981,2020-07-29,0.14116161616161604,0.11795556874969071,0.23483440813203638,,,0.0644444985256254,0.201638994048428,0.42800374708144884
-3.65,-4.82,-5.38,-3.08,-1.17,1.148,-4.82,-4.44,-5.07,-1.13,0.38,6.263,-4.57,-1.9,-4.76,-1.59,2.67,2.975,-1.93,-0.95,-2.68,-0.46,0.98,1.695,-0.94,0.11,-1.34,0.11,1.05,1.311,0.03,1.5,-0.17,1.56,1.47,1.273,1.5,1.62,0.16,1.91,0.12,1.281,1.57,1.83,0.69,2.07,0.26,1.632,1.97,4.89,1.57,5.36,2.92,0.38,1,3,237.0,0.04890462491701708,2020-07-30,0.0846681922196797,0.1732673267326732,0.29366812227074246,,,0.09334164300114445,0.2476636211267791,0.4904565655464699
-1.18,-1.69,-1.69,0.0,-0.51,0.536,-1.94,-4.66,-4.94,-1.94,-2.72,5.237,-4.67,-6.24,-7.81,-4.49,-1.57,3.316,-6.2,-5.62,-6.4,-4.32,0.58,1.871,-5.65,-7.76,-8.46,-5.46,-2.11,2.25,-7.86,-7.66,-7.96,-6.65,0.2,1.421,-7.55,-6.65,-8.56,-6.44,0.9,1.49,-6.49,-4.39,-6.51,-4.35,2.1,2.228,-4.43,-4.43,-5.06,-3.45,0.0,0.764,1,4,226.5,-0.044303797468354444,2020-07-31,0.07959961868446142,0.09261886511390971,0.217741935483871,,,0.03644086706295502,0.18345865861877453,0.4184334633136737
1.99,2.07,1.44,3.75,0.08,0.441,1.92,5.31,1.92,5.77,3.39,4.703,5.5,5.04,4.84,6.48,-0.46,2.248,5.05,5.84,4.98,6.24,0.79,1.015,5.71,5.91,5.61,6.4,0.2,0.617,5.91,5.51,5.25,6.4,-0.4,0.547,5.54,6.05,5.1,6.08,0.51,0.684,6.03,5.69,4.71,6.24,-0.34,1.638,5.96,5.23,5.17,6.18,-0.73,0.592,3,0,238.3401,0.05227417218543051,2020-08-03,0.05483558309360492,0.08336409090909092,0.3374865319865321,,,0.07294178509500338,0.2334565009063112,0.4853009889998663
0.86,0.23,-1.19,1.08,-0.63,2.436,0.23,2.25,-0.04,2.5,2.02,3.582,2.3,3.77,1.67,3.92,1.47,1.676,3.75,3.01,2.29,3.75,-0.74,1.152,2.79,2.56,1.96,3.03,-0.23,0.718,2.38,3.31,2.1,3.44,0.93,0.439,3.4,3.05,1.64,3.7,-0.35,0.952,3.17,5.17,3.09,5.17,2.0,0.958,5.02,4.38,4.03,5.07,-0.64,0.489,1,1,248.79,0.04384448945015951,2020-08-04,0.04974683544303793,0.1360273972602739,0.32688000000000006,,,0.0960731612207919,0.273180450032918,0.5419780725815924
1.69,0.58,0.41,1.99,-1.11,0.588,0.29,0.59,-1.93,0.89,0.3,4.037,0.88,-0.6,-0.87,1.6,-1.48,1.929,-0.5,-0.59,-0.6,0.4,-0.09,0.72,-0.46,-1.07,-1.26,-0.23,-0.61,0.47,-1.03,0.17,-1.14,0.17,1.2,0.47,0.17,-0.15,-0.43,0.7,-0.32,0.587,-0.2,0.3,-1.07,0.43,0.5,1.015,0.41,-0.72,-0.76,0.48,-1.13,0.103,1,2,247.0,-0.007194822943044299,2020-08-05,0.09050772626931569,0.1330275229357798,0.32439678284182305,,,0.07101444212341956,0.2510669315684322,0.5228395262544312
0.0,0.43,-1.21,0.79,0.43,0.107,0.43,0.02,-1.63,0.61,-0.41,3.522,0.05,-1.38,-2.31,0.69,-1.43,1.881,-1.39,-1.42,-1.84,-0.73,-0.03,1.054,-1.18,-0.12,-1.21,0.0,1.06,0.606,-0.15,-0.1,-0.45,0.12,0.05,0.348,-0.1,0.88,-0.1,1.25,0.98,0.756,0.91,0.77,0.18,1.25,-0.14,0.844,0.77,0.65,0.57,0.92,-0.12,0.0,1,3,248.6,0.006477732793522151,2020-08-06,0.04304730928618383,0.2044573643410852,0.4353348729792148,,,0.06288774660438956,0.24650209879953566,0.5246227528828904
-2.61,-0.54,-2.61,0.12,2.07,0.244,-0.6,0.42,-0.7,0.83,1.02,3.095,0.76,-0.52,-1.13,0.97,-1.28,1.635,-0.55,-2.45,-2.45,-0.42,-1.9,1.263,-2.42,-4.45,-4.46,-1.97,-2.03,1.391,-4.47,-6.14,-6.47,-4.32,-1.67,2.047,-5.92,-5.92,-6.81,-5.43,0.0,1.665,-5.95,-3.26,-6.03,-3.26,2.69,2.099,-3.28,-3.15,-3.46,-2.65,0.13,0.449,1,4,240.78,-0.03145615446500405,2020-08-07,-0.03219582780658381,0.21606060606060606,0.3402727525744502,,,0.02396986200397544,0.1975568819324005,0.4696933384745652
0.09,0.88,-0.53,0.92,0.79,0.265,0.45,-0.18,-0.98,1.05,-0.63,2.831,-0.22,-4.07,-4.17,0.26,-3.85,2.325,-4.12,-1.61,-4.47,-1.45,2.51,1.419,-1.51,0.14,-2.04,0.35,1.65,0.916,0.15,-0.15,-0.32,1.13,-0.3,1.094,0.02,0.68,-0.25,0.79,0.66,0.755,0.67,0.02,-0.65,0.85,-0.65,0.862,-0.08,-0.34,-0.34,-0.08,-0.26,0.0,3,0,239.97,-0.0033640667829554216,2020-08-10,-0.028461538461538427,0.0982608695652174,0.4369461077844312,,,0.016730874846103916,0.18453835394333873,0.4580068287940142
1.12,-0.03,-0.89,2.1,-1.15,0.976,-0.03,0.93,-1.49,2.43,0.96,5.575,1.03,0.71,-0.65,1.5,-0.32,2.086,0.82,-0.05,-0.19,1.64,-0.87,1.16,0.05,2.24,-0.16,2.89,2.19,2.094,2.2,2.41,1.8,2.98,0.21,0.814,2.31,1.48,0.9,2.72,-0.83,1.106,1.34,-3.17,-3.84,1.62,-4.51,3.022,-3.06,-1.45,-3.24,-1.45,1.61,0.13,1,1,236.5,-0.014460140850939718,2020-08-11,-0.04867256637168138,0.12726406101048604,0.31461923290717064,,,0.0016593178033157407,0.15979560147477256,0.43070385831602653
0.64,0.42,0.12,1.01,-0.22,0.189,0.88,2.63,0.05,2.7,1.75,3.203,2.69,5.52,1.96,5.6,2.83,2.182,5.43,6.33,4.82,6.34,0.9,1.254,6.41,6.98,6.41,8.01,0.57,1.462,7.06,7.9,6.29,7.97,0.84,1.18,7.94,8.29,7.21,8.54,0.35,1.083,8.29,8.24,7.1,8.81,-0.05,1.417,8.27,7.4,7.2,8.27,-0.87,0.759,1,2,254.0,0.07399577167019022,2020-08-12,0.05490489243292629,0.1241425094047357,0.3648576034390114,,,0.06115746210059547,0.23373228334050178,0.5284097089105655
0.39,1.69,0.39,2.05,1.3,0.049,0.69,-0.63,-1.69,0.85,-1.32,4.234,-0.7,-0.4,-2.45,-0.4,0.3,1.651,-0.5,-1.17,-1.92,0.2,-0.67,1.142,-0.85,-0.48,-1.15,-0.4,0.37,0.529,-0.47,-1.34,-2.48,-0.28,-0.87,0.996,-1.43,-3.12,-3.92,-1.43,-1.69,1.678,-2.9,-2.63,-3.18,-1.76,0.27,1.299,-2.49,-1.38,-2.49,-1.24,1.11,0.161,1,3,250.5,-0.013779527559055094,2020-08-13,0.04388048506063269,0.05696202531645578,0.38858093126385795,,,0.0377548240779475,0.20647782379871393,0.4997776951387287
-0.58,-0.24,-0.98,0.2,0.34,0.778,-0.28,0.78,-1.32,2.19,1.06,4.338,0.95,-1.11,-1.9,1.15,-2.06,2.367,-1.15,-1.29,-1.77,0.23,-0.14,1.213,-1.35,-0.85,-1.64,-0.17,0.5,0.784,-0.99,-1.31,-1.86,-0.85,-0.32,0.753,-1.34,-1.55,-2.01,-1.15,-0.21,0.592,-1.52,-1.38,-2.34,-1.26,0.14,0.95,-1.48,-1.41,-1.78,-1.09,0.07,0.038,1,4,246.97,-0.01409181636726542,2020-08-14,0.04427061310782232,0.09037527593818995,0.3136702127659574,,,0.018846082408499942,0.18070320902652703,0.47163427148029147
2.26,2.58,0.9,2.59,0.32,0.47,2.39,2.7,1.93,4.37,0.31,3.208,2.64,2.58,1.91,3.37,-0.06,1.725,2.53,3.76,2.23,4.02,1.23,0.683,3.59,4.53,3.17,4.78,0.94,0.477,4.53,4.54,4.43,4.96,0.01,0.447,4.67,4.66,4.41,4.95,-0.01,0.336,4.68,3.56,3.42,4.68,-1.12,0.698,3.71,4.03,3.71,4.03,0.32,0.036,3,0,256.93,0.040328784872656565,2020-08-17,0.01153543307086613,0.07799736594891082,0.2563814180929096,,,0.04850903571648035,0.21741912034405875,0.5229371799526192
1.0,1.11,0.42,1.38,0.11,0.413,0.86,-1.43,-1.74,1.44,-2.29,3.051,-1.35,-1.57,-2.93,-0.95,-0.22,2.046,-1.33,-1.53,-2.1,-1.0,-0.2,0.83,-1.53,-1.94,-2.19,-0.95,-0.41,0.578,-1.94,-1.82,-2.5,-1.74,0.12,0.532,-1.85,-2.1,-2.2,-1.81,-0.25,0.173,-2.28,-2.15,-2.28,-1.58,0.13,0.761,-1.95,-1.53,-2.04,-1.43,0.42,0.0,1,1,253.0,-0.015295995018098307,2020-08-18,0.009980039920159722,0.016921902005707645,0.28753180661577615,,,0.026411292359163285,0.18952397869803184,0.4922236526910744
0.0,-0.4,-1.19,0.0,-0.4,0.009,-0.32,-1.04,-1.53,0.25,-0.72,3.042,-1.02,-0.4,-1.02,0.06,0.62,0.77,-0.25,-0.17,-0.99,-0.11,0.08,0.603,-0.16,-0.36,-0.59,0.38,-0.2,0.422,-0.28,-0.07,-0.71,0.27,0.21,0.21,-0.07,-1.54,-3.25,0.0,-1.47,1.822,-1.64,-2.45,-3.15,-1.53,-0.81,1.207,-2.36,-3.15,-3.16,-1.58,-0.79,0.365,1,2,245.03,-0.031501976284584954,2020-08-19,-0.007855205085637973,-0.007975708502024337,0.2040786240786241,,,-0.004851062652452165,0.14522287756278018,0.43884158094046266
-0.01,-2.05,-2.05,0.4,-2.04,0.079,-2.18,-0.56,-3.79,-0.33,1.62,5.048,-0.64,-2.78,-3.02,-0.56,-2.14,1.835,-2.66,-1.73,-3.93,-1.63,0.93,1.317,-1.76,-2.64,-2.66,-1.62,-0.88,0.832,-2.59,-1.96,-2.59,-1.85,0.63,0.499,-1.93,-1.93,-2.58,-1.7,0.0,0.686,-1.93,-1.85,-2.29,-0.91,0.08,1.129,-1.81,-1.24,-1.81,-1.24,0.57,0.091,1,3,242.0,-0.01236583275517289,2020-08-20,-0.0581092126260071,-0.02654867256637161,0.15347950428979984,,,-0.014081396203760255,0.12527770203695,0.415120398336271
-0.83,-1.07,-2.36,-0.41,-0.24,1.544,-0.74,-0.53,-2.27,-0.53,0.21,3.82,-0.44,-0.51,-1.75,-0.36,-0.07,1.31,-0.48,-0.62,-1.24,0.26,-0.14,1.025,-0.81,0.92,-0.85,0.99,1.73,0.692,0.99,0.23,-0.06,1.05,-0.76,0.521,0.32,0.81,0.19,0.97,0.49,0.521,0.66,1.65,0.56,1.65,0.99,0.741,1.61,1.61,1.24,1.65,0.0,0.055,1,4,245.89,0.01607438016528917,2020-08-21,-0.028102766798419054,0.02122269291469392,0.17650717703349272,,,0.0014449638878044624,0.13697356228082636,0.4316301246790111
2.12,2.99,2.12,3.12,0.87,0.223,3.03,2.35,1.47,4.0,-0.68,3.723,2.39,0.86,0.53,3.32,-1.53,2.218,1.14,1.58,0.99,1.85,0.44,0.881,1.72,1.37,1.13,2.18,-0.35,0.657,1.51,1.62,1.23,1.99,0.11,0.554,1.5,0.86,0.7,1.94,-0.64,0.488,0.83,2.75,0.5,2.88,1.92,1.017,2.77,2.93,2.48,3.3,0.16,1.38,3,0,253.1,0.029322054577250123,2020-08-24,0.032934742684569196,0.054715172729924655,0.2592039800995025,,,0.0250672614561811,0.1625474245347327,0.4666966212296084
0.55,0.12,-0.51,0.56,-0.43,0.457,0.35,1.58,0.02,2.34,1.23,3.511,1.55,0.95,0.21,1.77,-0.6,1.67,0.75,0.97,0.19,1.34,0.22,0.751,1.07,1.3,0.75,1.42,0.23,0.485,1.35,1.76,1.2,2.41,0.41,0.558,1.86,2.2,1.5,2.24,0.34,0.485,2.16,2.99,2.03,3.07,0.83,0.786,3.05,3.11,2.16,3.32,0.06,0.425,1,1,260.98,0.03113393915448448,2020-08-25,0.07842975206611569,0.10350951374207207,0.22929816297691952,,,0.04614328620823538,0.18947159204324882,0.5046895824589801
0.41,0.72,0.01,0.77,0.31,0.266,0.61,-0.36,-0.67,0.72,-0.97,2.407,-0.44,0.39,-0.8,0.95,0.83,0.896,0.42,0.72,-0.77,0.87,0.3,0.847,0.82,0.94,0.72,1.59,0.12,0.595,0.9,1.53,0.9,1.74,0.63,0.361,1.44,0.21,0.09,1.84,-1.23,0.788,0.2,0.9,0.14,1.39,0.7,0.941,1.07,0.39,0.29,1.36,-0.68,0.801,1,2,262.0,0.003908345467085628,2020-08-26,0.06551710114278753,0.03149606299212593,0.2963237840779773,,,0.04072692656797816,0.18509881385181348,0.5029350639875396
0.0,1.15,-0.95,1.53,1.15,0.255,1.13,-2.27,-2.6,1.68,-3.4,4.915,-2.24,-0.77,-4.01,-0.69,1.47,2.128,-0.83,-1.44,-2.1,-0.27,-0.61,1.185,-1.57,-4.34,-4.94,-1.54,-2.77,1.796,-4.58,-3.11,-5.02,-3.07,1.47,1.577,-3.24,-2.31,-3.29,-1.84,0.93,0.965,-2.18,-3.27,-3.46,-1.66,-1.09,1.347,-3.25,-3.18,-3.62,-2.66,0.07,0.511,1,3,253.67,-0.03179389312977099,2020-08-27,0.0022520742789411408,0.012654690618762343,0.2557920792079207,,,0.006240741577068665,0.14082460453459733,0.44859043701751844
0.72,0.72,-0.89,0.72,0.0,1.413,0.56,2.32,-0.08,2.34,1.76,3.48,2.5,1.39,1.06,2.94,-1.11,1.631,1.7,2.91,1.61,3.22,1.21,0.952,2.82,3.91,2.82,3.93,1.09,0.938,3.84,3.79,2.76,3.9,-0.05,0.806,3.77,4.54,3.58,5.05,0.77,0.759,4.39,5.57,4.37,5.68,1.18,0.969,5.59,5.41,4.86,5.59,-0.18,0.025,1,4,267.39,0.0540860172665274,2020-08-28,0.024561269062763236,0.08268210713851887,0.2898691317563282,,,0.04909293496864886,0.19305175370561023,0.5189746768200669
0.79,0.1,0.1,1.16,-0.69,0.411,0.08,-1.82,-2.46,0.08,-1.9,3.243,-1.82,-0.55,-2.3,-0.52,1.27,1.371,-0.71,-0.83,-2.01,-0.56,-0.12,0.998,-0.71,1.2,-0.72,1.56,1.91,1.073,1.26,1.65,1.04,2.06,0.39,0.648,1.53,1.36,1.16,1.84,-0.17,0.633,1.35,-0.29,-0.29,1.49,-1.64,1.321,-0.11,0.15,-0.89,0.42,0.26,0.315,3,0,267.8,0.0015333408130446813,2020-08-31,0.022137404580152786,0.04230724321799717,0.21727272727272728,,,0.04110417066826799,0.18581861273363054,0.513453345334359
2.02,0.96,0.96,2.8,-1.06,0.352,1.53,3.16,0.1,3.85,1.63,4.018,2.93,4.77,2.89,5.3,1.84,1.924,4.43,3.97,3.3,4.71,-0.46,1.018,4.02,4.39,3.85,5.25,0.37,0.902,4.28,4.72,4.08,5.01,0.44,0.341,4.56,4.53,4.25,4.97,-0.03,0.333,4.57,5.39,4.25,5.49,0.82,0.76,5.35,6.24,4.93,6.24,0.89,0.209,1,1,284.5,0.06235997012696037,2020-09-01,0.12153585366815167,0.12450592885375489,0.2990867579908676,,,0.08510898123617561,0.2470625114046623,0.5981664090912737
2.07,3.48,1.28,3.53,1.41,0.109,3.49,2.39,0.81,5.33,-1.1,5.633,2.44,5.31,2.44,5.83,2.87,3.118,5.32,4.24,2.72,5.35,-1.08,2.76,4.25,5.61,4.12,6.07,1.36,1.212,5.57,7.04,5.42,7.31,1.47,0.991,7.05,7.57,6.5,7.85,0.52,0.641,7.65,7.92,7.51,9.45,0.27,1.71,8.07,8.26,7.21,8.26,0.19,0.36,1,2,308.0,0.08260105448154653,2020-09-02,0.15187553760424843,0.25698894012978,0.4128440366972477,,,0.13856679870269173,0.33178802829444676,0.7176968179225127
-3.25,-4.64,-4.64,-2.27,-1.39,0.426,-4.69,-8.28,-9.98,-4.55,-3.59,7.074,-8.66,-11.97,-14.28,-7.28,-3.31,5.151,-12.17,-13.84,-17.37,-12.17,-1.67,5.415,-13.89,-17.51,-17.63,-13.74,-3.62,3.138,-17.51,-17.31,-18.76,-15.84,0.2,2.855,-17.49,-18.16,-18.33,-16.16,-0.67,2.127,-17.98,-17.21,-19.14,-17.09,0.77,3.411,-17.21,-22.08,-22.69,-16.15,-4.87,0.794,1,3,240.0,-0.22077922077922074,2020-09-03,-0.10380881254667662,-0.008264462809917328,0.16279069767441867,,,-0.09422768663494052,0.03622260874224548,0.3339724850881456
6.71,4.97,-0.38,7.27,-1.74,1.292,3.85,2.77,2.09,8.52,-1.08,9.545,2.97,-3.74,-8.31,4.49,-6.71,8.611,-3.34,-0.63,-6.0,-0.52,2.71,4.982,-0.57,0.49,-2.08,1.79,1.06,3.302,0.01,-0.29,-2.5,0.06,-0.3,2.152,-0.42,4.1,-1.12,4.25,4.52,3.05,4.22,2.71,2.71,6.37,-1.51,3.854,3.3,2.1,1.08,3.33,-1.2,0.201,1,4,245.05,0.021041666666666625,2020-09-04,-0.13866432337434087,-0.0034161616983202636,0.23762626262626263,,,-0.06235387921699598,0.0556243362224087,0.3571524794609706
-4.9,-10.42,-10.83,-4.9,-5.52,1.957,-9.97,-7.94,-12.48,-7.77,2.03,9.027,-7.59,-6.44,-9.1,-4.43,1.15,4.717,-6.84,-8.41,-9.49,-5.49,-1.57,2.719,-8.5,-6.86,-8.5,-6.62,1.64,1.47,-6.66,-7.85,-8.33,-6.63,-1.19,1.216,-7.7,-10.9,-12.58,-7.7,-3.2,2.259,-11.19,-13.49,-13.5,-10.1,-2.3,3.29,-13.24,-13.28,-14.96,-12.06,-0.04,0.194,4,1,212.5,-0.13283003468679866,2020-09-08,-0.31006493506493504,-0.16041090478071907,-0.027459954233409634,,,-0.15829868358109844,-0.0815473853450015,0.17481417375044783
6.73,7.36,4.94,7.42,0.63,0.948,7.36,4.94,3.53,7.62,-2.42,6.391,4.94,7.6,4.0,7.65,2.66,3.297,7.71,7.78,6.59,8.79,0.07,1.947,7.86,9.76,7.7,9.79,1.9,1.312,9.86,8.23,8.11,10.73,-1.63,1.488,8.24,8.73,7.66,9.2,0.49,1.212,8.91,8.3,7.89,10.05,-0.61,1.876,8.32,10.12,8.02,11.04,1.8,0.079,1,2,234.0001,0.10117694117647069,2020-09-09,-0.024999583333333297,-0.10337918614453223,0.11534842707340309,,,-0.06064658187273597,0.010927735496457203,0.28990894260546196
-1.28,2.31,-2.99,2.31,3.59,2.278,1.6,0.56,0.35,3.07,-1.04,5.594,0.64,-1.03,-1.28,2.4,-1.67,2.791,-1.27,-0.7,-1.78,1.18,0.57,2.356,-0.74,-1.59,-3.24,-0.37,-0.85,2.232,-1.73,-2.35,-2.61,-0.58,-0.62,0.875,-2.3,-4.7,-6.49,-1.92,-2.4,3.226,-4.63,-5.98,-7.52,-4.63,-1.35,4.022,-5.71,-4.53,-6.69,-4.53,1.18,1.019,1,3,223.4,-0.04529955329078916,2020-09-10,-0.0883493164660274,-0.14732824427480917,-0.01128568267315766,,,-0.08605003471986628,-0.033545379802843556,0.2286467628342883
0.94,0.96,-0.18,3.84,0.02,1.838,0.91,0.23,0.04,3.91,-0.68,6.405,0.24,1.99,-0.22,3.18,1.75,3.7,2.2,0.04,0.04,3.25,-2.16,2.046,-0.17,-2.21,-2.31,0.82,-2.04,2.097,-2.14,-3.93,-4.71,-1.88,-1.79,2.836,-3.92,-2.02,-4.11,-0.77,1.9,2.48,-2.19,-1.52,-3.63,-0.54,0.67,2.24,-1.58,-2.52,-2.52,-1.52,-0.94,0.11,1,4,217.78,-0.025156669650850505,2020-09-11,0.024847058823529444,-0.14148302913233723,-0.08109704641350213,,,-0.09102071872760842,-0.0557156278180565,0.19538612813136025
7.58,7.17,5.77,7.58,-0.41,1.027,7.13,7.53,6.48,9.2,0.4,4.732,7.59,8.42,6.68,8.42,0.83,2.168,8.48,8.38,7.07,8.73,-0.1,1.044,8.27,6.98,6.69,8.67,-1.29,0.77,7.42,6.28,4.76,7.54,-1.14,1.514,6.01,6.43,5.56,7.32,0.42,1.096,6.24,7.36,5.94,8.44,1.12,1.611,7.34,7.91,6.76,8.27,0.57,0.791,3,0,235.01,0.07911653962714671,2020-09-14,0.00431581012144866,-0.121096525674109,0.03757174392935969,,,-0.015686199415258395,0.01823448375766934,0.28624987518606826
2.12,3.12,1.27,3.72,1.0,0.871,3.11,3.41,2.75,3.87,0.3,3.469,3.48,4.76,3.27,5.06,1.28,2.07,4.76,4.99,4.33,5.78,0.23,1.285,5.07,6.15,5.07,6.5,1.08,0.927,6.31,5.31,5.23,6.48,-1.0,0.645,5.11,5.9,4.43,5.95,0.79,0.84,5.83,4.62,3.27,5.84,-1.21,1.508,4.58,4.25,4.25,5.23,-0.33,0.0,1,1,245.0,0.04250882941151435,2020-09-15,0.0966875559534468,-0.08513816280806574,0.02794284302137995,,,0.021298933609249504,0.05896370268087314,0.3363933950658886
2.86,1.58,1.45,2.86,-1.28,0.207,1.58,2.24,1.02,2.75,0.66,3.467,2.28,0.62,0.08,2.45,-1.66,2.022,0.71,1.15,0.71,2.31,0.44,0.966,1.29,0.51,-0.1,1.64,-0.78,0.6,0.2,-0.04,-0.93,0.62,-0.24,0.799,0.37,-0.2,-0.33,1.9,-0.57,1.543,0.16,-2.75,-3.06,0.66,-2.91,2.985,-2.7,-1.63,-2.7,-1.31,1.07,0.851,1,2,241.0,-0.01632653061224487,2020-09-16,0.10662136100652031,-0.15289982425307558,-0.03131154789179624,0.7275985663082438,,0.003780638125171709,0.03997487457739535,0.3104728206221794
-4.61,-7.89,-9.06,-4.15,-3.28,0.771,-8.2,-5.12,-9.41,-5.1,3.08,5.42,-5.22,-2.68,-5.77,-1.84,2.54,3.397,-2.49,-4.21,-4.28,-0.59,-1.72,2.183,-4.12,-3.15,-5.79,-3.15,0.97,2.361,-3.37,-2.18,-3.66,-1.56,1.19,1.17,-1.85,-2.7,-3.57,-1.45,-0.85,1.111,-2.95,-1.54,-3.97,-1.47,1.41,1.9,-1.54,-1.24,-2.04,-0.85,0.3,0.506,1,3,238.0,-0.012448132780082943,2020-09-17,0.01272286285689983,-0.2272727272727273,-0.036437246963562764,0.7246376811594204,,-0.007141407023012802,0.025941666117483164,0.290382976441655
1.37,1.74,0.84,1.74,0.37,0.592,1.26,-1.05,-1.47,2.12,-2.31,4.344,-1.11,-3.25,-3.42,0.04,-2.14,2.728,-3.2,-3.46,-4.84,-2.49,-0.26,2.846,-3.63,-6.3,-6.77,-2.89,-2.67,2.306,-5.93,-5.86,-8.49,-5.55,0.07,2.199,-5.87,-4.4,-6.55,-4.37,1.47,1.265,-4.45,-4.92,-5.16,-3.22,-0.47,1.98,-4.95,-5.04,-5.04,-4.2,-0.09,0.009,1,4,226.0,-0.050420168067226934,2020-09-18,-0.07755102040816331,-0.05833333333333335,-0.09090909090909094,0.8336713995943206,,-0.047293091754495475,-0.024800329358803275,0.22258061625074244
-2.65,-5.78,-7.08,-2.65,-3.13,1.501,-5.78,-4.74,-7.72,-2.79,1.04,7.031,-4.88,-5.87,-7.78,-4.46,-0.99,4.123,-5.85,-2.55,-6.58,-2.41,3.3,2.368,-2.43,-2.57,-2.72,-1.17,-0.14,2.077,-2.42,-2.51,-3.08,-1.23,-0.09,1.744,-2.42,-3.57,-4.49,-2.15,-1.15,1.79,-3.69,-0.38,-3.71,-0.23,3.31,2.731,-0.38,0.88,-0.38,1.27,1.26,1.349,3,0,228.0,0.008849557522123908,2020-09-21,-0.053941908713692976,-0.06957763721689458,-0.053077498131073986,0.8544123627490849,,-0.03202249404571056,-0.01554597469644503,0.23054211847297412
0.88,1.31,-0.44,2.81,0.43,1.326,1.04,-2.98,-3.42,1.29,-4.02,4.404,-3.07,-3.82,-3.84,-1.68,-0.75,2.37,-3.86,-1.96,-4.27,-1.91,1.9,1.552,-1.91,-1.99,-2.28,-0.92,-0.08,1.012,-1.82,0.39,-1.99,0.66,2.21,0.717,0.39,0.71,0.39,1.5,0.32,1.305,0.55,2.21,0.34,2.48,1.66,1.455,2.32,0.88,0.88,2.32,-1.44,0.076,1,1,230.0,0.00877192982456143,2020-09-22,-0.03361344537815125,0.08235294117647052,-0.04154686002416963,0.743216613612248,,-0.01933574238635405,-0.0066412162269143815,0.2383625972718566
2.17,0.76,0.43,2.61,-1.41,0.362,0.86,0.99,0.61,2.96,0.13,3.866,0.95,0.5,-0.59,1.35,-0.45,2.072,0.5,-1.01,-1.14,1.4,-1.51,1.321,-1.21,0.35,-1.21,0.47,1.56,1.015,0.28,-0.97,-1.35,0.56,-1.25,0.648,-1.57,-4.78,-4.89,-1.39,-3.21,1.918,-4.82,-6.09,-6.98,-4.25,-1.27,3.426,-6.12,-6.65,-7.41,-4.36,-0.53,1.089,1,2,214.7,-0.0665217391304348,2020-09-23,-0.050000000000000044,-0.08247902458161349,-0.09217758985200852,0.7817427385892115,,-0.07027523966103488,-0.07006918355152714,0.15419315749775908
-1.26,-1.48,-3.4,-0.87,-0.22,0.963,-1.53,2.59,-1.72,3.06,4.12,6.217,2.7,3.66,1.32,4.74,0.96,4.468,3.44,5.61,2.62,5.61,2.17,2.516,5.66,5.58,3.73,6.15,-0.08,2.17,5.6,6.26,5.58,7.64,0.66,1.49,6.31,3.4,3.4,6.46,-2.91,1.899,3.36,3.54,1.58,4.38,0.18,3.171,3.51,5.51,3.51,5.51,2.0,0.856,1,3,226.54,0.05514671634839319,2020-09-24,-0.006403508771929856,0.014055505819158487,-0.10811023622047244,0.6415942028985506,,-0.015602615593205305,-0.01806313264804793,0.2152090412680001
-3.28,-1.74,-4.42,-1.56,1.54,0.54,-1.37,-3.68,-5.82,-1.37,-2.31,5.725,-3.75,-2.47,-5.62,-1.45,1.28,2.583,-2.45,-1.73,-3.05,-0.38,0.72,1.294,-1.8,0.25,-1.8,0.36,2.05,0.971,0.23,1.26,0.08,1.31,1.03,0.793,1.17,1.58,0.73,1.88,0.41,0.861,1.66,2.31,1.66,2.96,0.65,1.836,2.34,1.53,1.11,2.79,-0.81,0.035,1,4,230.0,0.015273240928754372,2020-09-25,0.0,0.05611167232987424,-0.08183632734530943,0.6643751356827556,,-0.00046451108439993227,-0.0029459020284912096,0.23090605804039632
2.61,4.57,2.18,5.22,1.96,0.242,4.62,4.07,2.8,5.27,-0.55,4.218,4.13,5.46,3.78,6.67,1.33,2.352,5.78,5.52,5.33,7.07,-0.26,1.199,5.45,6.99,5.13,7.1,1.54,0.602,6.98,7.82,6.39,7.91,0.84,0.835,7.91,8.26,7.07,8.44,0.35,0.798,8.27,9.13,7.54,9.13,0.86,1.797,9.03,10.28,8.71,10.28,1.25,0.661,3,0,253.64,0.10278260869565203,2020-09-28,0.18136935258500242,0.07927322241606749,0.027007328825363386,0.6470129870129868,,0.0821482298603331,0.09525880539100906,0.35261131848444727
-1.14,-2.03,-2.03,-0.65,-0.89,0.329,-1.78,0.37,-1.78,1.41,2.15,4.07,0.38,0.01,-0.82,2.14,-0.37,2.665,0.04,-0.56,-0.99,1.15,-0.6,1.634,-0.5,0.81,-1.13,0.93,1.31,1.282,0.72,0.96,-0.65,1.33,0.24,1.201,0.8,0.86,0.54,1.52,0.06,1.113,0.98,-0.5,-0.5,1.36,-1.48,1.753,-0.31,-0.53,-1.44,0.74,-0.22,1.042,1,1,252.29,-0.005322504336855327,2020-09-29,0.1136664606691975,0.029755102040816217,-0.018059393609154317,0.7704561403508772,,0.06164351909907784,0.08562197593197096,0.3408037824753649
-2.18,-0.71,-2.86,0.0,1.47,0.337,-0.71,1.47,-1.3,1.54,2.18,3.526,1.66,2.31,1.19,3.44,0.65,2.404,2.42,2.0,1.13,3.25,-0.42,1.457,2.08,1.66,1.3,2.81,-0.42,0.885,1.71,2.3,0.69,2.32,0.59,0.984,2.43,1.97,0.29,3.24,-0.46,2.3,1.87,0.2,-1.21,2.22,-1.67,3.009,0.36,1.07,-0.91,1.07,0.71,0.164,1,2,255.0,0.010741606880970256,2020-09-30,0.10869565217391308,0.05809128630705396,0.007905138339920903,0.7919887561489809,,0.05898258665786771,0.0931130398600144,0.35043321231112556
1.87,3.41,1.58,3.73,1.54,0.962,3.07,3.96,3.07,5.83,0.89,4.51,3.87,3.3,2.55,4.4,-0.57,2.459,3.38,3.95,2.0,4.4,0.57,1.523,3.88,3.78,2.88,3.89,-0.1,0.841,3.96,4.39,3.53,5.29,0.43,1.056,4.63,5.85,3.35,6.2,1.22,1.838,5.88,5.43,3.96,6.35,-0.45,1.415,5.45,5.88,5.14,5.88,0.43,0.057,1,3,270.0,0.05882352941176472,2020-10-01,0.06450086737107719,0.134453781512605,0.10190588907480724,0.8200202224469162,,0.097084823984114,0.15031282179621042,0.423780498125949
-7.14,-7.33,-7.41,-5.56,-0.19,0.983,-7.38,-4.97,-7.73,-4.45,2.41,4.732,-4.93,-4.93,-5.62,-3.04,0.0,2.477,-5.19,-7.72,-8.08,-4.63,-2.53,1.893,-7.86,-6.49,-8.96,-5.34,1.37,2.448,-6.3,-7.8,-8.33,-6.26,-1.5,1.897,-7.52,-7.04,-8.15,-6.55,0.48,1.741,-6.88,-9.38,-9.53,-6.81,-2.5,2.087,-9.28,-10.37,-10.74,-8.89,-1.09,0.793,1,4,242.0,-0.10370370370370374,2020-10-02,-0.04078639660707917,0.07079646017699126,0.0,0.5858453473132372,,-0.01369449620110963,0.029768393494664203,0.27263256039805306
3.72,4.13,3.41,4.59,0.41,0.444,4.07,7.18,3.94,7.24,3.11,3.031,7.27,7.79,7.27,8.86,0.52,1.546,7.71,9.25,7.3,9.25,1.54,0.933,9.28,9.48,8.84,9.53,0.2,0.685,9.47,8.49,8.08,9.47,-0.98,0.675,8.39,10.4,8.07,10.4,2.01,0.827,10.47,10.96,10.08,11.11,0.49,1.259,11.1,11.16,9.92,11.16,0.06,0.036,3,0,269.0,0.11157024793388426,2020-10-05,0.05490196078431375,0.17982456140350878,0.09398511529545739,0.857734806629834,,0.07747290762495629,0.13820295415097728,0.40880834336091465
-0.97,-0.7,-1.3,-0.06,0.27,0.834,-0.39,0.54,-0.39,0.99,0.93,3.045,0.55,2.74,0.55,3.78,2.19,1.948,3.08,1.24,0.85,3.15,-1.84,1.447,1.28,2.78,1.28,3.18,1.5,0.686,2.83,3.87,2.17,3.98,1.04,0.802,3.98,0.36,-1.22,5.33,-3.62,2.965,0.36,-1.81,-2.97,0.44,-2.17,4.75,-1.76,-2.42,-3.53,-1.76,-0.66,0.499,1,1,262.5,-0.024163568773234223,2020-10-06,-0.02777777777777779,0.14130434782608692,0.037139470564994115,0.689189189189189,,0.04169513459797081,0.10589900998508717,0.36965902024173514
3.09,5.43,1.33,5.43,2.34,0.383,4.98,6.62,4.86,7.12,1.64,2.71,6.78,6.14,4.86,6.99,-0.64,2.027,6.19,5.87,5.71,6.93,-0.32,0.854,5.86,6.29,5.2,6.75,0.43,1.088,6.45,6.62,6.27,7.06,0.17,0.626,6.93,6.5,5.9,6.93,-0.43,0.747,6.39,6.56,6.02,7.33,0.17,1.01,6.74,7.24,5.97,7.24,0.5,0.055,1,2,281.5,0.07238095238095243,2020-10-07,0.16322314049586772,0.3111318118304611,0.07862671469078086,0.8642384105960266,,0.09380706295151242,0.17735977073798326,0.46197665089652595
1.24,2.15,0.53,2.15,0.91,0.407,2.15,1.85,0.99,2.54,-0.3,2.552,1.95,2.04,1.18,2.47,0.09,1.443,2.04,2.49,1.24,3.17,0.45,1.173,2.58,2.83,2.44,3.55,0.25,0.631,2.74,2.01,2.0,2.79,-0.73,0.506,2.0,2.23,1.91,2.94,0.23,0.544,2.2,2.95,1.69,3.12,0.75,0.899,2.99,4.81,2.99,4.81,1.82,0.824,1,3,295.05,0.04813499111900543,2020-10-08,0.0968401486988848,0.30241899885229984,0.12614503816793898,0.7811651071536372,,0.11672071525687522,0.22280936546535668,0.524274794592517
0.65,1.97,0.32,2.1,1.32,0.243,1.78,3.36,1.78,4.15,1.58,4.037,3.29,2.37,1.29,3.71,-0.92,1.794,2.54,3.54,1.96,3.58,1.0,1.173,3.4,3.71,2.74,4.01,0.31,0.916,3.69,3.85,3.4,4.2,0.16,0.519,3.83,2.82,2.42,3.88,-1.01,0.697,2.64,3.48,2.64,3.5,0.84,0.751,3.42,3.42,3.37,4.37,0.0,0.232,1,4,305.14,0.03419759362819863,2020-10-09,0.16243809523809527,0.32669565217391305,0.2029014073402453,0.7288385269121813,,0.1232724233202327,0.25163762138486234,0.5674116910147258
1.3,3.85,1.3,4.5,2.55,0.584,3.67,3.13,2.25,3.67,-0.54,3.134,3.23,3.46,2.35,3.81,0.23,1.175,3.46,3.22,2.9,4.35,-0.24,0.796,3.34,4.03,3.03,5.31,0.69,1.078,4.28,4.71,3.66,5.29,0.43,0.749,4.77,5.24,4.73,5.95,0.47,1.034,5.33,4.4,3.56,5.55,-0.93,1.679,4.34,4.34,4.03,4.7,0.0,0.056,3,0,318.39,0.04342269122370057,2020-10-12,0.13104795737122554,0.2552830783788047,0.19073263772018412,0.7542148760330578,,0.13649667915631114,0.2905017276877422,0.6251966219005729
2.44,0.51,0.35,2.44,-1.93,0.817,0.12,-0.12,-1.82,1.13,-0.24,3.903,-0.03,0.57,-1.85,0.76,0.6,2.008,0.82,0.74,0.35,2.12,-0.08,1.482,0.84,1.15,-0.34,1.23,0.31,0.952,1.13,-0.19,-0.33,1.53,-1.32,1.056,-0.44,0.13,-1.43,0.13,0.57,1.246,-0.17,-0.31,-0.4,1.48,-0.14,1.225,-0.12,0.4,-0.84,0.4,0.52,0.844,1,1,319.65,0.003957410722698507,2020-10-13,0.08337569903406195,0.2669943319196162,0.19361463778939503,0.639230769230769,,0.11247559476899216,0.28076154370877227,0.621437687407244
-0.4,0.42,-0.4,0.42,0.82,0.116,0.13,0.11,-0.11,1.33,-0.02,2.292,0.09,-0.49,-2.05,0.12,-0.58,1.433,-0.32,-2.73,-2.74,-0.13,-2.41,1.301,-2.65,-2.63,-3.83,-1.87,0.02,1.626,-2.52,-1.77,-2.77,-1.63,0.75,0.865,-1.89,-1.86,-2.64,-1.21,0.03,0.894,-1.92,-2.14,-2.24,-0.76,-0.22,1.202,-2.09,-2.39,-2.55,-1.95,-0.3,0.022,1,2,312.0,-0.023932426091036962,2020-10-14,0.02248148390902549,0.22352941176470598,0.09666080843585245,0.616580310880829,,0.06916243776387865,0.2379675448491989,0.5735105727589782
-4.48,-4.81,-5.1,-1.61,-0.33,1.398,-4.8,-2.68,-5.89,-2.36,2.12,3.655,-2.79,-3.18,-4.74,-2.56,-0.39,1.84,-3.22,-2.46,-4.24,-1.83,0.76,1.247,-2.57,-2.29,-3.31,-2.24,0.28,0.769,-2.21,-1.92,-2.86,-1.73,0.29,0.477,-1.84,-1.49,-2.32,-1.35,0.35,0.558,-1.58,-0.48,-1.62,0.14,1.1,1.1,-0.48,0.0,-0.48,0.0,0.48,0.0,1,3,312.0,0.0,2020-10-15,-0.020069725807971284,0.15555555555555545,0.01298701298701288,0.6041131105398458,,0.055884699614260125,0.22652157124085504,0.5645821706018601
1.12,1.98,0.64,2.02,0.86,0.286,2.0,0.5,-0.11,2.0,-1.5,2.852,0.64,0.34,0.06,1.15,-0.3,1.138,0.27,-0.99,-2.08,0.38,-1.26,1.366,-0.97,-0.91,-1.55,-0.32,0.06,0.87,-1.06,-0.51,-1.08,-0.16,0.55,0.366,-0.32,0.14,-0.56,0.36,0.46,0.33,0.26,-2.05,-2.1,0.27,-2.31,1.095,-1.9,-2.44,-2.88,-1.47,-0.54,0.469,1,4,304.39,-0.024391025641025688,2020-10-16,-0.0477397153136242,0.25780991735537184,0.2682916666666666,0.5771502590673574,,0.024517983357902118,0.1874501901265695,0.5184666571561094
2.82,2.87,2.51,3.49,0.05,0.13,2.83,3.49,2.32,4.78,0.66,3.045,3.16,2.41,1.48,4.11,-0.75,2.279,2.5,1.19,1.11,2.89,-1.31,1.089,1.28,1.21,0.3,1.78,-0.07,1.043,1.35,2.39,-0.13,2.39,1.04,1.499,2.25,-1.09,-1.11,2.25,-3.34,1.346,-1.09,-1.11,-2.2,-0.45,-0.02,2.078,-1.07,1.25,-1.07,1.36,2.32,0.196,3,0,308.2,0.012516836952593646,2020-10-19,-0.012179487179487247,0.14572490706319696,0.25770250969189945,0.8718493774673548,,0.030346273439764815,0.1928494158670211,0.5292944045996177
-0.02,-0.72,-1.52,0.58,-0.7,0.049,-0.91,-0.62,-2.16,-0.57,0.29,2.549,-0.73,-1.72,-2.04,-0.18,-0.99,1.083,-1.96,-1.27,-2.65,-0.98,0.69,1.06,-1.32,-1.36,-1.78,-0.71,-0.04,0.627,-1.12,-0.88,-1.18,-0.13,0.24,0.499,-0.55,-1.54,-1.57,-0.24,-0.99,0.911,-1.5,-2.4,-3.42,-1.04,-0.9,1.887,-2.6,-1.61,-2.69,-1.33,0.99,0.107,1,1,303.25,-0.01606099935107075,2020-10-20,-0.028044871794871806,0.15523809523809518,0.4270588235294117,0.8434650455927051,,0.011260926328808374,0.16575065162737124,0.497213085115185
-1.01,-0.43,-1.02,-0.43,0.58,0.016,-0.3,-0.02,-1.83,0.16,0.28,3.188,0.13,-1.7,-1.83,0.15,-1.83,1.293,-1.75,-2.06,-2.87,-0.92,-0.31,1.13,-2.05,-2.72,-3.01,-0.47,-0.67,1.196,-2.75,-1.37,-2.83,-0.74,1.38,0.737,-1.42,-0.72,-1.89,-0.46,0.7,0.573,-0.75,-3.19,-3.3,-0.64,-2.44,1.14,-3.1,-4.03,-4.03,-2.23,-0.93,0.468,1,2,291.03,-0.040296784830997634,2020-10-21,-0.04389106081014493,0.03385435168738882,0.2437174172147789,0.6535795454545452,,-0.02425795045309309,0.1135877467603017,0.4306610325275251
1.56,1.6,1.36,1.88,0.04,0.818,1.64,1.76,-0.56,2.14,0.12,2.522,1.73,-0.99,-2.52,2.12,-2.72,2.113,-1.17,-0.43,-1.39,0.38,0.74,1.152,-0.42,0.34,-0.91,0.43,0.76,0.581,0.38,2.13,0.27,2.25,1.75,0.943,2.22,1.85,1.46,2.67,-0.37,0.717,1.66,1.35,0.79,2.19,-0.31,0.897,1.32,-0.01,-0.9,1.36,-1.33,2.06,1,3,291.0,-0.00010308215647858443,2020-10-22,-0.05580791693705378,-0.01372648703609558,0.3025962399283795,0.5903377418297082,,-0.020018365858377463,0.10854004141828422,0.42441177996888246
-1.64,0.48,-1.64,0.86,2.12,0.0,0.41,-0.94,-1.89,0.41,-1.35,2.901,-1.15,-1.65,-2.42,-0.69,-0.5,1.402,-1.61,-2.13,-2.91,-0.8,-0.52,1.075,-2.23,-1.44,-2.23,-0.78,0.79,0.806,-1.26,-0.32,-1.26,-0.32,0.94,0.339,-0.52,-1.11,-1.11,0.0,-0.59,0.407,-0.95,-0.04,-1.05,-0.04,0.91,0.421,-0.15,-0.13,-0.17,0.1,0.02,0.227,1,4,290.61,-0.0013402061855669611,2020-10-23,-0.04168178070898598,-0.04761748705512214,0.33442005693819454,0.5862991266375548,,-0.01752120047798089,0.10242615208806294,0.4165475974743462
-2.96,-2.36,-2.96,-1.98,0.6,0.329,-2.36,-2.0,-2.86,-1.48,0.36,2.375,-1.76,-5.4,-5.57,-1.24,-3.64,1.772,-5.64,-7.35,-7.43,-5.62,-1.71,2.147,-7.39,-8.78,-8.95,-6.67,-1.39,1.288,-8.68,-8.84,-10.19,-8.64,-0.16,1.163,-8.95,-7.64,-9.13,-7.43,1.31,1.247,-7.64,-6.55,-8.38,-6.55,1.09,1.616,-6.41,-6.06,-7.22,-5.58,0.35,0.457,3,0,273.0,-0.06059667595746887,2020-10-26,-0.061952376043706736,-0.14256101008197486,0.1616526956299733,0.467741935483871,,-0.06394177853602989,0.034178073736386594,0.32634499517459203
1.61,1.28,1.28,2.93,-0.33,0.37,1.74,-0.4,-1.17,2.56,-2.14,3.739,-0.58,-0.42,-1.79,0.45,0.16,1.681,-0.48,-0.08,-0.66,0.86,0.4,1.102,-0.04,-1.82,-2.21,0.22,-1.78,0.76,-2.01,-1.05,-2.3,-0.76,0.96,0.822,-0.89,-1.98,-2.26,-0.73,-1.09,0.627,-1.92,-1.4,-2.6,-0.29,0.52,0.878,-1.4,-1.98,-2.56,-1.1,-0.58,0.188,1,1,267.6,-0.01978021978021971,2020-10-27,-0.08041237113402055,-0.16283435007038938,0.09224489795918367,0.501683501683502,,-0.06849183961489147,0.013176603717701907,0.2962388164588925
-1.35,-4.33,-4.71,-1.35,-2.98,0.434,-4.34,-7.28,-7.78,-4.23,-2.94,4.144,-7.26,-8.76,-9.75,-6.94,-1.5,2.692,-8.78,-8.06,-9.36,-7.65,0.72,1.604,-8.08,-7.96,-8.3,-6.92,0.12,0.966,-8.07,-7.48,-9.36,-7.21,0.59,1.294,-7.57,-7.39,-8.75,-7.14,0.18,1.098,-7.37,-9.75,-9.79,-6.39,-2.38,1.91,-9.42,-7.88,-9.94,-7.88,1.54,0.471,1,2,246.5,-0.07884902840059793,2020-10-28,-0.1517841781081174,-0.20993589743589747,0.022821576763485396,0.31466666666666665,,-0.1192094957167612,-0.06426337578379626,0.19173081445401574
0.63,-0.2,-1.06,1.33,-0.83,1.076,-1.01,1.54,-1.83,1.64,2.55,4.367,1.58,3.69,1.53,3.92,2.11,1.961,3.9,3.33,2.89,5.25,-0.57,1.712,3.79,5.82,3.2,5.88,2.03,0.816,5.76,6.26,5.01,6.46,0.5,0.728,6.39,7.75,6.39,8.91,1.36,1.215,7.91,6.03,5.93,8.67,-1.88,1.778,6.16,3.45,2.64,6.16,-2.71,0.991,1,3,255.0,0.034482758620689724,2020-10-29,-0.06593406593406592,-0.1826923076923077,0.0714285714285714,0.3672922252010724,,-0.07387845688122785,-0.03078044951913239,0.22997553738042997
-0.39,-0.13,-1.18,0.0,0.26,0.173,-0.62,-0.5,-1.85,1.09,0.12,4.569,-0.79,-4.95,-4.99,0.6,-4.16,2.439,-4.32,-4.64,-5.22,-3.04,-0.32,2.229,-4.84,-4.06,-4.9,-1.96,0.78,0.994,-4.28,-5.0,-5.8,-3.65,-0.72,1.205,-5.13,-4.91,-5.84,-4.19,0.22,1.195,-5.11,-2.37,-5.29,-2.31,2.74,1.802,-2.37,-2.75,-2.75,-1.16,-0.38,0.42,1,4,248.0,-0.027450980392156876,2020-10-30,-0.07324364723467869,-0.18525575741647227,0.09734513274336276,0.43187066974595845,,-0.08274046352245501,-0.05526038708149972,0.1938806262835473
1.83,3.51,1.65,4.97,1.68,1.704,3.68,4.32,2.18,4.94,0.64,4.746,4.55,3.37,2.88,5.24,-1.18,2.256,3.47,2.77,1.42,3.75,-0.7,1.481,2.57,1.08,0.67,2.86,-1.49,1.036,1.15,-0.57,-0.57,1.26,-1.72,0.999,-0.66,0.81,-0.66,1.15,1.47,1.272,0.74,2.12,0.38,2.26,1.38,1.326,2.0,3.47,1.99,3.47,1.47,0.633,3,0,256.6,0.0346774193548387,2020-11-02,0.04097363083164307,-0.16742375081116145,0.12543859649122813,0.428332869468411,,-0.042061362784928336,-0.021636021579704234,0.2323961532776484
0.23,0.94,-0.19,1.52,0.71,1.748,1.32,3.37,1.1,3.49,2.05,3.196,3.56,5.98,3.35,6.74,2.42,2.164,6.07,4.75,4.46,6.33,-1.32,1.458,4.91,4.22,3.99,5.69,-0.69,0.83,4.36,3.19,2.99,4.75,-1.17,0.718,3.17,4.44,3.17,4.83,1.27,1.174,4.37,4.4,3.79,5.92,0.03,1.579,4.45,4.44,3.09,5.94,-0.01,1.381,1,1,268.0,0.044427123928292955,2020-11-03,0.050980392156862786,-0.1162407254740313,0.16521739130434776,0.6047904191616766,,0.000406677961922286,0.020955862802204406,0.2834808165658489
5.6,6.04,4.48,8.21,0.44,1.243,6.14,5.37,2.33,6.16,-0.77,5.56,5.37,7.67,5.37,8.74,2.3,2.532,7.64,9.5,6.06,9.76,1.86,1.646,9.48,10.58,8.25,11.34,1.1,1.381,10.67,10.9,9.55,11.44,0.23,1.739,10.93,11.49,10.29,11.75,0.56,1.376,11.75,10.49,9.35,11.76,-1.26,2.17,10.49,14.14,10.32,15.14,3.65,0.672,1,2,305.9,0.14141791044776109,2020-11-04,0.2334677419354838,0.051094388894615594,0.4247787610619469,0.7003891050583655,,0.11316603900897038,0.15783014994668831,0.4582410803866843
4.05,4.94,4.05,6.24,0.89,0.825,4.61,7.58,4.58,8.12,2.97,4.354,7.7,7.71,6.28,9.05,0.01,2.89,7.85,6.91,6.71,8.31,-0.94,1.205,7.22,7.6,6.72,8.4,0.38,1.269,7.62,8.94,7.54,8.94,1.32,0.683,8.81,9.95,8.71,10.1,1.14,1.588,9.96,9.55,8.22,10.29,-0.41,1.862,9.56,6.9,6.9,9.87,-2.66,0.375,1,3,327.0,0.06897678980058841,2020-11-05,0.2743569758378799,0.12371134020618557,0.44345369471175067,0.7571198280494358,,0.15022437218138762,0.22626317037069343,0.5502060158944111
-0.61,1.61,-1.54,1.61,2.22,1.101,1.61,0.83,0.61,3.42,-0.78,5.739,0.9,3.98,0.9,5.59,3.08,2.759,3.89,5.32,3.71,6.1,1.43,1.594,5.57,6.5,5.05,6.5,0.93,0.754,6.42,7.03,6.33,7.26,0.61,0.727,7.11,6.62,6.22,7.46,-0.49,0.919,6.56,7.47,6.06,8.62,0.91,1.677,7.76,7.65,7.51,8.06,-0.11,0.382,1,4,352.0,0.07645259938837912,2020-11-06,0.31343283582089554,0.21124531158597426,0.5304347826086957,0.9512195121951219,,0.18677218699210996,0.3036538744526869,0.6576930668357361
4.7,6.25,2.52,7.95,1.55,1.302,6.26,4.45,3.41,8.47,-1.81,7.862,4.07,6.9,4.07,9.09,2.83,3.862,6.82,3.98,3.88,7.01,-2.84,2.041,4.15,3.03,2.11,4.26,-1.12,2.073,3.16,2.36,1.72,4.06,-0.8,1.227,2.35,0.58,-0.76,2.62,-1.77,1.982,0.73,-3.47,-3.89,1.91,-4.2,2.344,-3.71,-3.67,-4.26,-2.61,0.04,0.65,3,0,339.09,-0.036676136363636425,2020-11-09,0.1084995096436745,0.24208791208791203,0.33689481154392054,0.8036702127659574,,0.11422625587092328,0.24336622374015326,0.5874669164816602
-0.03,-2.68,-4.16,-0.03,-2.65,0.747,-2.7,-4.1,-6.51,-1.39,-1.4,6.313,-4.39,-7.57,-9.25,-3.41,-3.18,3.566,-7.55,-5.04,-7.75,-3.73,2.51,2.157,-4.77,-6.18,-6.26,-3.7,-1.41,1.511,-5.79,-7.69,-9.29,-5.39,-1.9,1.359,-7.45,-8.21,-9.5,-6.72,-0.76,2.631,-8.28,-9.02,-9.73,-7.82,-0.74,2.062,-9.04,-9.2,-9.32,-8.25,-0.16,0.435,1,1,307.88,-0.09204046123448051,2020-11-10,-0.058470948012232404,0.15052316890881912,0.22034167030005158,0.5055256723716381,,0.009529885798514215,0.12324716363824506,0.43505354913743566
2.96,4.03,2.96,4.91,1.07,0.674,4.9,8.65,4.75,9.88,3.75,5.891,8.82,7.96,7.08,9.37,-0.86,2.762,7.92,10.49,7.3,10.65,2.57,1.217,10.43,10.0,9.88,10.98,-0.43,0.711,10.08,10.29,10.08,11.15,0.21,0.475,10.53,10.75,10.3,11.47,0.22,0.783,11.08,11.2,10.53,11.63,0.12,1.047,11.1,12.06,11.05,13.03,0.96,0.104,1,2,345.0,0.1205664544627778,2020-11-11,-0.019886363636363646,0.3995943204868153,0.3529411764705883,0.7557251908396947,,0.10487981388666578,0.24603327674208653,0.5984017754707989
0.29,-0.33,-1.09,1.59,-0.62,1.331,-0.68,-2.09,-3.09,-0.4,-1.41,4.518,-2.24,-1.11,-2.33,0.41,1.13,1.758,-1.15,-1.45,-2.69,-0.71,-0.3,1.003,-1.54,-3.86,-4.55,-1.25,-2.32,1.164,-4.05,-3.06,-4.99,-3.05,0.99,1.047,-3.15,-5.46,-5.51,-2.87,-2.31,1.065,-5.54,-4.65,-6.17,-4.38,0.89,1.657,-4.69,-3.78,-4.69,-3.13,0.91,0.174,1,3,331.95,-0.03782608695652179,2020-11-12,-0.02105635671945494,0.30176470588235293,0.22944444444444434,0.6312039312039313,,0.05103091622462652,0.1896216316446997,0.5297522751009351
1.07,2.4,0.62,2.43,1.33,1.377,2.39,4.92,2.39,5.34,2.53,4.115,4.79,1.64,1.21,4.84,-3.15,2.139,1.74,2.94,1.65,2.96,1.2,1.023,3.03,2.04,1.68,3.24,-0.99,0.514,2.08,0.83,0.67,2.27,-1.25,0.719,0.77,2.03,0.77,2.12,1.26,0.776,2.14,2.74,1.43,2.88,0.6,1.28,2.73,2.73,2.33,2.86,0.0,0.004,1,4,341.02,0.02732339207712009,2020-11-13,0.10763934000259834,0.37508064516129025,0.4091735537190082,0.625452812202097,,0.06431632138254484,0.21157233096901584,0.5626633242942973
2.04,2.25,1.17,2.78,0.21,0.725,2.35,4.02,1.61,4.75,1.67,4.518,3.97,7.09,3.93,7.09,3.12,1.902,7.09,6.53,5.84,7.53,-0.56,0.975,6.52,5.69,5.17,6.57,-0.83,0.574,5.78,4.84,4.3,6.07,-0.94,0.719,4.87,5.65,4.45,5.67,0.78,0.722,5.71,7.5,5.34,7.5,1.79,1.083,7.37,8.02,7.18,8.2,0.65,0.172,3,0,368.38,0.08022989853967522,2020-11-16,0.06776811594202892,0.4356196414653155,0.36944237918215617,0.7625837320574163,,0.11924131382918013,0.29311842930846166,0.6765577191750771
-0.51,-1.46,-2.0,-0.51,-0.95,0.484,-1.64,-5.07,-5.2,-1.4,-3.43,4.061,-4.73,-2.24,-4.8,-2.14,2.49,1.379,-2.13,-3.07,-3.83,-2.13,-0.94,0.658,-2.86,-2.59,-3.06,-2.27,0.27,0.566,-2.66,-2.67,-3.29,-2.25,-0.01,0.415,-2.6,-2.38,-2.74,-1.91,0.22,0.379,-2.38,-3.01,-3.97,-2.38,-0.63,0.922,-3.02,-3.84,-4.44,-2.99,-0.82,1.354,1,1,354.22,-0.03843856886910246,2020-11-17,0.0670884169302608,0.3217164179104479,0.34940952380952384,0.7622885572139304,,0.061508836110407916,0.23165591246692063,0.6023538170741587
1.28,1.54,1.07,1.65,0.26,0.162,1.48,-0.11,-0.34,2.12,-1.59,2.428,-0.08,1.62,-0.72,1.71,1.7,0.933,1.63,2.54,1.15,2.54,0.91,0.525,2.65,2.69,2.61,3.55,0.04,0.506,2.62,0.63,0.26,2.74,-1.99,0.769,0.63,0.91,-0.07,1.16,0.28,1.022,1.01,-1.45,-1.45,1.53,-2.46,1.509,-1.28,-2.6,-2.68,-0.63,-1.32,0.889,1,2,345.0,-0.026029021512054773,2020-11-18,0.01167086974371001,0.1278195488721805,0.22557726465364114,0.6250588789448892,,0.027549320201284644,0.19028038754066334,0.5519882426724028
0.58,0.58,0.29,0.72,0.0,0.005,1.01,1.88,-1.39,2.14,0.87,4.202,2.03,2.13,0.49,2.38,0.1,1.357,2.1,3.25,1.32,3.48,1.15,0.909,3.33,2.67,2.2,3.77,-0.66,0.763,2.75,3.91,2.36,4.09,1.16,0.558,3.98,5.04,3.46,5.14,1.06,0.505,5.01,6.08,4.15,6.11,1.07,1.04,6.06,4.91,4.64,6.09,-1.15,0.0,1,3,361.95,0.0491304347826087,2020-11-19,-0.017454802106520506,0.10688073394495401,0.22674123029994897,0.7908564643016178,,0.06295224070899796,0.236695086238363,0.6181230100106851
1.43,1.43,0.01,1.43,0.0,0.421,1.0,2.0,0.67,2.15,1.0,2.851,2.1,2.83,2.1,3.52,0.73,1.512,2.94,2.06,1.92,3.19,-0.88,0.677,1.98,2.93,1.89,3.05,0.95,0.348,2.78,2.74,2.58,3.29,-0.04,0.215,2.78,2.23,2.02,3.08,-0.55,0.527,2.2,-0.63,-0.92,2.32,-2.83,1.315,-0.55,-0.39,-0.8,-0.26,0.16,0.505,1,4,360.55,-0.003867937560436463,2020-11-20,0.017870250127039577,0.02428977272727284,0.181588778921151,0.78490099009901,,0.04763288683907363,0.22080889055377884,0.6021102418947881
0.99,1.97,0.99,2.62,0.98,0.303,1.65,4.37,1.5,5.22,2.72,3.17,4.39,3.18,1.78,4.39,-1.21,1.733,3.08,1.66,0.2,3.14,-1.42,1.667,1.55,2.07,0.76,2.07,0.52,0.707,2.13,2.84,2.01,3.04,0.71,0.623,2.49,3.56,1.84,3.73,1.07,0.959,3.61,4.4,3.59,4.68,0.79,1.003,4.35,5.57,4.05,5.57,1.22,0.11,3,0,380.65,0.05574816252946868,2020-11-23,0.10333333333333328,0.12256333126898467,0.19554634253588365,0.8362268035567759,,0.08511614742203899,0.2744298644090053,0.679867705895238
-0.96,0.88,-0.96,1.25,1.84,0.509,0.62,-2.22,-4.21,0.75,-2.84,4.268,-2.44,-1.24,-3.54,-1.19,1.2,1.559,-1.22,-0.84,-1.6,-0.22,0.38,0.823,-0.95,-0.25,-1.04,-0.11,0.7,0.541,-0.18,0.29,-0.43,0.64,0.47,0.504,0.35,0.14,-0.27,0.62,-0.21,0.517,0.13,0.39,-0.57,0.58,0.26,0.644,0.44,1.41,0.15,1.67,0.97,0.88,1,1,386.0,0.014054906081702345,2020-11-24,0.0664456416632131,0.25373522151487604,0.20757078054121703,0.7545454545454546,,0.08064704685652746,0.277693879956856,0.6916369985564386
-1.29,-1.17,-1.3,-0.78,0.12,0.115,-1.42,-1.13,-1.55,0.5,0.29,3.598,-1.29,-2.76,-3.19,-1.22,-1.47,1.414,-2.6,-2.54,-2.98,-1.75,0.06,0.705,-2.54,-1.54,-2.76,-1.54,1.0,0.259,-1.55,-1.66,-2.07,-1.04,-0.11,0.459,-1.6,-1.39,-2.02,-1.39,0.21,0.165,-1.49,-2.11,-2.21,-1.04,-0.62,0.528,-2.01,-1.66,-2.01,-1.66,0.35,0.0,1,2,379.59,-0.01660621761658032,2020-11-25,0.05280820967965605,0.1002608695652174,0.21663461538461526,0.7332876712328766,,0.050723041013335246,0.24396455756527158,0.6526338889153536
0.63,1.64,0.63,1.64,1.01,0.259,1.64,3.96,1.64,4.8,2.32,3.32,4.03,4.37,3.65,5.13,0.34,1.17,4.33,3.48,3.01,4.77,-0.85,0.796,3.86,3.07,2.92,4.06,-0.79,0.962,3.07,4.03,3.01,4.28,0.96,0.756,3.63,3.5,3.5,3.8,-0.13,0.574,3.07,3.71,3.07,3.71,0.64,0.0,3.8,3.07,3.07,3.8,-0.73,0.0,2,4,391.26,0.03074369714692171,2020-11-27,0.027873374491002245,0.17867148666967925,0.25403846153846144,0.7947706422018348,,0.06692028188691235,0.26817374205604727,0.6916017294269996
0.0,0.7,0.0,0.7,0.7,0.188,0.58,0.96,-0.25,2.11,0.38,3.38,1.18,-1.26,-3.13,1.54,-2.44,2.452,-1.4,0.72,-1.4,0.9,2.12,1.235,0.63,1.7,0.12,1.7,1.07,0.453,1.58,1.59,1.05,1.78,0.01,0.49,1.16,3.02,1.16,3.02,1.86,0.567,3.09,3.91,2.18,4.09,0.82,1.198,3.76,5.06,3.76,5.06,1.3,0.0,3,0,411.05,0.050580176864489124,2020-11-30,0.06489637305699492,0.2053545246613102,0.3504057294917706,0.9915213178294573,,0.09677903286040523,0.31517867259439103,0.7635259550088371
0.96,1.33,0.47,1.36,0.37,0.127,1.37,2.54,0.47,2.54,1.17,3.055,2.42,2.74,1.58,4.53,0.32,2.296,2.99,4.91,2.99,5.58,1.92,1.605,4.86,4.53,4.3,5.39,-0.33,0.77,4.37,5.16,4.05,5.4,0.79,0.725,5.08,4.75,4.7,5.5,-0.33,0.463,4.69,3.96,3.4,4.75,-0.73,1.222,4.0,4.0,3.59,4.15,0.0,0.229,1,1,427.51,0.04004379029315164,2020-12-01,0.12624147106088146,0.16051360008686677,0.38711875405580787,1.159141414141414,,0.11224532425896117,0.3483925366248013,0.8190462393852747
-1.24,-0.99,-1.29,-0.99,0.25,0.0,-0.99,0.3,-1.52,0.35,1.29,3.426,0.35,1.66,-0.26,1.74,1.31,1.194,1.62,1.02,0.72,2.11,-0.6,0.937,0.98,0.66,0.62,1.7,-0.32,0.435,0.69,0.17,0.03,1.12,-0.52,0.23,0.21,1.3,-0.0,1.3,1.09,0.298,1.22,0.81,0.4,1.45,-0.41,0.546,0.76,0.76,0.7,1.17,0.0,0.021,1,2,430.76,0.007602161352950887,2020-12-02,0.10095588611153716,0.2160804020100502,0.4204781533388293,0.971441647597254,,0.09663449222537279,0.33979970099961854,0.8178101612414603
0.06,1.68,0.06,1.68,1.62,0.453,1.79,1.91,0.98,2.18,0.12,2.413,1.67,1.74,1.62,3.37,0.07,1.386,1.81,2.47,1.13,2.59,0.66,0.731,2.61,2.16,1.77,2.92,-0.45,0.443,2.21,0.91,0.83,2.34,-1.3,0.552,0.98,1.3,0.75,1.48,0.32,0.452,1.22,0.08,-0.29,1.65,-1.14,1.074,0.15,0.62,0.15,0.67,0.47,0.306,1,3,433.45,0.006244776673785868,2020-12-03,0.05449458703320764,0.2563768115942029,0.4893653575232795,1.0660152526215443,,0.08310408119567891,0.3300070843994267,0.8141942099551656
0.96,1.11,0.36,1.11,0.15,0.735,0.92,2.24,0.28,2.37,1.32,2.113,2.34,3.96,2.0,4.33,1.62,1.241,4.17,6.11,3.98,6.45,1.94,0.897,6.17,6.93,5.83,6.94,0.76,0.885,6.97,6.92,6.52,7.32,-0.05,0.553,6.91,6.94,6.43,7.33,0.03,0.681,7.08,7.88,6.74,7.95,0.8,0.945,7.81,7.28,6.9,7.81,-0.53,0.012,1,4,465.0,0.07278809551274668,2020-12-04,0.08769385511450034,0.2847078325735599,0.597938144329897,1.0579774286346537,,0.1287076674081451,0.4033270567305971,0.9280922253961743
0.5,2.15,0.5,3.01,1.65,0.483,2.37,-0.15,-1.01,2.37,-2.52,3.82,-0.15,0.47,-0.22,1.4,0.62,1.045,0.64,1.55,0.64,1.77,0.91,0.554,1.42,1.36,0.81,1.72,-0.06,0.387,1.27,1.4,0.6,1.51,0.13,0.446,1.31,1.02,0.86,1.31,-0.29,0.251,0.91,1.88,0.73,2.15,0.97,0.692,1.81,1.72,1.29,2.36,-0.09,0.049,3,0,473.0,0.017204301075268713,2020-12-07,0.0980592441266599,0.311884620718347,0.627610887443653,0.9957805907172996,,0.11801583181020181,0.4039353882450114,0.942682311552204
0.0,-0.59,-1.96,0.0,-0.59,0.982,-0.26,0.01,-0.67,0.34,0.27,1.988,0.21,0.01,-1.56,0.42,-0.2,1.1,-0.11,0.1,-0.77,0.13,0.21,0.484,0.13,0.21,-0.18,0.36,0.08,0.392,0.16,1.68,-0.02,1.75,1.52,0.484,1.64,1.93,1.5,2.35,0.29,0.489,1.96,1.33,0.99,2.01,-0.63,0.423,1.35,1.48,1.35,1.48,0.13,0.0,1,1,480.02,0.014841437632135301,2020-12-08,0.10744030453339493,0.2610534611848154,0.7583150183150182,1.1192935982339955,,0.10750339471012782,0.40142722825219224,0.9526387203712066
-0.42,-1.2,-1.25,-0.42,-0.78,0.367,-0.84,0.27,-2.81,0.5,1.11,3.093,0.35,-0.58,-1.74,0.46,-0.93,1.303,-0.57,-1.89,-2.42,-0.45,-1.32,0.935,-1.82,-5.66,-6.95,-1.77,-3.84,1.811,-5.66,-9.32,-9.46,-5.18,-3.66,1.9,-9.34,-7.75,-9.34,-7.14,1.59,1.795,-7.98,-8.92,-10.57,-7.53,-0.94,2.075,-8.67,-8.75,-9.17,-8.65,-0.08,0.03,1,2,438.0,-0.08753801924919791,2020-12-09,-0.058064516129032295,0.13471502590673579,0.6367713004484303,0.837710062217814,,0.008619156826290997,0.2649217797511132,0.767957079616848
1.14,-1.87,-2.95,1.6,-3.01,1.279,-1.99,0.24,-3.65,0.66,2.23,4.6,0.15,1.71,-0.34,1.83,1.56,2.185,1.83,0.34,0.11,2.13,-1.49,1.135,0.32,-0.34,-0.4,1.15,-0.66,0.691,-0.33,0.32,-0.38,0.79,0.65,0.648,0.24,-0.29,-0.38,0.27,-0.53,0.494,-0.25,-0.23,-0.5,0.91,0.02,0.785,-0.1,-1.14,-1.14,0.07,-1.04,0.507,1,3,433.0,-0.011415525114155223,2020-12-10,-0.08456659619450313,0.14070444426881634,0.7565922920892494,0.7404236504682664,,-0.002369687614350413,0.23831825014025432,0.7348665658550348
-1.13,-1.62,-2.08,-1.13,-0.49,0.939,-1.57,-1.79,-3.62,-1.39,-0.22,4.252,-1.84,-2.92,-3.59,-0.03,-1.08,1.808,-2.94,-4.67,-5.08,-2.51,-1.73,1.423,-4.57,-4.45,-5.54,-4.08,0.12,1.068,-4.49,-2.99,-4.57,-2.5,1.5,0.897,-3.07,-3.02,-3.48,-2.54,0.05,0.603,-2.94,-2.32,-3.28,-2.07,0.62,0.856,-2.44,-2.08,-2.44,-1.91,0.36,0.003,1,4,424.0,-0.020785219399538146,2020-12-11,-0.11670347068872122,0.08367837243776521,0.6627450980392158,0.7165991902834008,,-0.018984378704380633,0.2025544954364764,0.6870762308975091
1.07,2.41,0.24,3.07,1.34,0.997,2.55,4.36,1.89,4.59,1.81,3.522,4.34,2.48,2.48,4.95,-1.86,1.738,2.69,2.9,2.42,4.01,0.21,0.987,2.8,2.79,2.59,3.39,-0.01,0.3,3.05,4.01,2.08,4.25,0.96,0.756,4.16,4.62,3.42,4.84,0.46,0.829,4.6,3.29,3.14,5.01,-1.31,1.344,3.39,4.16,3.12,4.18,0.77,0.079,3,0,441.65,0.04162735849056598,2020-12-14,0.008333333333333304,0.0744434983578639,0.7808467741935483,0.7765486725663717,,0.01780873219130097,0.2403264698839842,0.7441618518025312
0.76,2.56,0.76,3.02,1.8,0.895,2.85,3.02,2.57,4.23,0.17,3.564,2.94,3.06,2.16,3.79,0.12,1.429,2.98,1.44,1.04,3.0,-1.54,1.035,1.64,2.59,1.64,2.74,0.95,0.357,2.38,2.62,2.01,2.85,0.24,0.369,2.47,3.17,2.11,3.23,0.7,0.401,3.2,3.43,2.47,3.43,0.23,0.684,3.39,3.25,2.83,3.93,-0.14,0.432,1,1,456.0,0.03249179214309983,2020-12-15,0.053117782909930744,0.06664171598325197,0.7770849571317224,0.893845003737852,,0.0412468407500175,0.2666870386899187,0.7865963291514912
1.32,0.99,0.99,1.47,-0.33,0.333,1.02,-1.54,-1.8,1.06,-2.56,3.253,-1.61,-1.0,-2.32,-0.55,0.61,1.01,-0.82,-0.14,-1.14,-0.01,0.68,0.66,-0.23,-0.68,-1.09,-0.21,-0.45,0.309,-0.66,-1.01,-1.35,-0.66,-0.35,0.203,-0.88,-0.01,-1.75,0.11,0.87,0.609,-0.1,-0.09,-0.27,0.69,0.01,0.769,-0.08,0.66,-0.08,0.66,0.74,0.0,1,2,459.0,0.006578947368421018,2020-12-16,0.08254716981132071,0.0655585476831646,0.7126865671641791,0.9127390923865484,,0.039011063486914965,0.2614159859402114,0.7841771352926483
0.26,1.09,0.26,1.09,0.83,0.095,1.04,-0.33,-0.4,1.28,-1.37,2.476,-0.21,-0.78,-1.04,0.35,-0.57,1.401,-0.73,-0.56,-1.37,0.04,0.17,0.537,-0.53,-0.1,-1.2,0.05,0.43,0.381,-0.23,-0.22,-0.59,0.05,0.01,0.363,-0.32,-0.58,-0.7,-0.1,-0.26,0.256,-0.66,-0.14,-1.3,-0.11,0.52,0.538,-0.2,-1.0,-1.0,-0.2,-0.8,0.012,1,3,454.4,-0.010021786492374729,2020-12-17,0.02886901392505381,0.048333141077402164,0.48545276234063417,0.921353065539112,,0.02327758622319198,0.23670918672335017,0.7529306757714274
0.12,1.23,0.12,1.23,1.11,0.588,1.45,0.33,-0.23,1.73,-1.12,1.639,0.3,1.06,-0.17,1.56,0.76,0.974,1.23,0.57,-0.05,1.32,-0.66,0.743,0.59,1.33,0.43,1.83,0.74,0.385,1.52,1.56,1.11,1.89,0.04,0.326,1.4,0.37,0.25,1.59,-1.03,0.364,0.37,-0.42,-2.43,0.56,-0.79,2.259,-0.51,-0.09,-0.51,0.27,0.42,0.357,1,4,454.0,-0.0008802816901407606,2020-12-18,-0.004385964912280715,-0.023655913978494647,0.3883792048929664,0.7874015748031495,,0.018234116404494127,0.22430790358965713,0.7383905373326349
-5.97,-4.34,-6.61,-3.74,1.63,0.612,-4.3,-4.55,-5.51,-3.3,-0.25,4.29,-4.62,-5.63,-6.94,-4.3,-1.01,2.629,-5.72,-4.19,-6.13,-3.59,1.53,1.083,-4.02,-3.2,-4.32,-2.7,0.82,0.562,-3.16,-2.06,-3.47,-1.91,1.1,0.598,-2.16,-2.33,-2.6,-1.89,-0.17,0.437,-2.31,-2.32,-3.52,-2.14,-0.01,0.899,-2.38,-2.53,-2.64,-2.2,-0.15,0.242,3,0,442.5,-0.025330396475770955,2020-12-21,-0.03594771241830064,-0.06448202959830862,0.2571022727272727,0.7664670658682635,,-0.006192456759027576,0.18431830157462126,0.6827303993856824
0.58,3.4,0.58,3.4,2.82,0.738,0.68,0.1,-0.44,1.09,-0.58,2.154,-0.11,-0.55,-1.14,0.66,-0.44,1.043,-0.51,-1.69,-2.53,0.29,-1.18,1.314,-1.5,-0.92,-1.92,-0.78,0.58,0.367,-0.84,-0.21,-0.96,0.03,0.63,0.224,-0.13,-0.27,-0.6,0.11,-0.14,0.265,-0.27,-0.07,-0.79,0.12,0.2,0.454,-0.23,-0.23,-0.23,-0.23,0.0,0.0,1,1,441.5,-0.002259887005649719,2020-12-22,-0.02838908450704225,-0.08024665638931705,0.3020142145153206,0.7876665182005911,,-0.006914713012671214,0.17328432443387487,0.6676617321671636
0.0,0.03,-0.07,0.03,0.03,0.086,0.65,0.31,-0.7,1.24,-0.34,2.054,0.34,-0.08,-0.72,0.79,-0.42,0.642,0.22,0.5,-0.19,0.57,0.28,0.372,0.36,0.15,-0.18,0.36,-0.21,0.212,0.08,0.7,0.03,0.9,0.62,0.276,0.69,0.06,0.04,0.79,-0.63,0.22,0.02,-2.09,-2.21,0.1,-2.11,0.707,-2.08,-2.04,-2.51,-1.13,0.04,0.0,1,2,432.5,-0.020385050962627438,2020-12-23,-0.04735682819383258,-0.01255707762557079,0.4047680914642069,0.6833378741291403,,-0.0223311125037553,0.1426736254259593,0.6234304101000954
0.88,1.16,0.4,1.16,0.28,0.0,1.16,2.07,0.94,2.23,0.91,2.186,1.88,1.16,1.05,2.14,-0.72,0.543,1.07,1.41,0.68,1.64,0.34,0.275,0.98,2.72,0.93,2.87,1.74,0.468,2.85,2.76,2.19,2.85,-0.09,2.22,,,,,,,2.85,2.67,2.67,2.85,-0.18,0.439,2.43,2.85,2.43,2.85,0.42,0.0,1,3,444.81,0.028462427745664654,2020-12-24,0.005220338983050743,0.02727482678983839,0.28930434782608705,0.7581422924901187,,0.004492007680099386,0.16717783493285254,0.6585859290494522
1.42,3.26,0.78,3.26,1.84,0.682,3.26,2.77,1.81,3.64,-0.49,2.461,2.74,1.61,0.12,3.03,-1.13,1.512,1.55,0.08,0.0,1.86,-1.47,0.586,0.04,-0.2,-0.21,0.65,-0.24,0.463,-0.1,-0.46,-0.48,0.04,-0.36,0.381,-0.41,-0.24,-0.77,-0.18,0.17,0.238,-0.25,-0.54,-0.96,-0.12,-0.29,0.52,-0.57,-0.18,-0.75,-0.18,0.39,0.006,4,0,444.0,-0.001821002225669388,2020-12-28,0.005662514156285381,0.04716981132075482,0.3375508359692725,0.812023017589683,,0.0021776211123611944,0.15755992909865912,0.6448363053974073
0.47,0.68,0.45,0.72,0.21,0.0,0.9,-1.12,-1.24,0.9,-2.02,1.734,-1.2,-1.52,-3.18,-0.77,-0.32,1.711,-1.53,-3.1,-3.44,-1.36,-1.57,0.638,-3.1,-1.95,-4.45,-1.24,1.15,1.518,-2.03,-1.66,-2.36,-1.58,0.37,0.446,-1.65,-1.74,-2.57,-1.6,-0.09,0.337,-1.63,-1.16,-1.72,-0.55,0.47,0.592,-1.15,-1.1,-1.15,0.4,0.05,0.788,1,1,439.11,-0.011013513513513429,2020-12-29,0.01528323699421974,-0.005751160421147872,0.2876370887337987,0.814504132231405,,-0.007260685316776372,0.1383466073599775,0.616639468491107
1.11,0.89,0.89,1.15,-0.22,0.011,1.36,4.19,1.11,4.25,2.83,3.155,4.11,4.64,3.39,5.08,0.53,1.355,4.4,4.71,4.16,5.04,0.31,0.475,4.75,5.33,4.57,5.33,0.58,0.383,5.36,4.95,4.93,5.52,-0.41,0.232,4.98,4.88,4.78,5.44,-0.1,0.363,4.89,5.06,4.17,5.33,0.17,0.564,5.11,5.11,5.0,5.44,0.0,0.0,1,2,461.57,0.05114891485049289,2020-12-30,0.03767900901508514,0.012214912280701817,0.2529724740756827,0.8771401846354061,,0.035325199741292446,0.18741835148346908,0.6875857646356784
0.37,-0.1,-0.1,0.37,-0.47,0.002,0.01,-1.22,-1.93,0.29,-1.23,2.523,-1.14,1.12,-1.42,1.34,2.26,0.932,1.12,-0.43,-0.5,1.12,-1.55,0.625,-0.31,0.37,-0.45,0.4,0.68,0.164,0.21,-0.11,-0.36,0.31,-0.32,0.199,-0.24,0.55,-0.34,0.79,0.79,0.402,0.53,1.07,0.27,1.28,0.54,0.559,1.06,1.06,0.42,1.28,0.0,1.513,1,3,466.48,0.010637606430227375,2020-12-31,0.05063063063063078,0.016296296296296253,0.316921687087121,0.8430659818253656,,0.03759662609344683,0.19070843296501971,0.6936477647501016
0.75,1.83,0.75,2.25,1.08,0.333,1.84,7.29,1.73,7.87,5.45,4.463,7.39,2.43,2.41,8.22,-4.96,2.557,2.32,-1.12,-1.17,3.0,-3.44,2.797,-1.16,-1.22,-3.76,-0.79,-0.06,2.444,-1.35,-0.18,-1.74,0.06,1.17,1.207,-0.19,-1.7,-3.04,-0.12,-1.51,1.108,-1.76,-1.39,-2.62,-0.75,0.37,0.934,-1.38,-1.38,-1.55,-1.17,0.0,0.252,4,0,460.04,-0.013805522208883536,2021-01-04,0.04766459429300185,0.01241197183098608,0.33344927536231883,0.7627404398804505,,0.01896055119772755,0.16629944988110523,0.659200344570144
0.0,-0.49,-1.25,0.53,-0.49,1.029,-0.71,3.92,-0.73,4.42,4.63,4.012,4.13,3.38,3.32,5.34,-0.75,1.949,3.49,3.56,2.93,4.34,0.07,0.648,3.6,3.32,2.42,4.16,-0.28,0.622,3.3,4.1,3.3,4.15,0.8,0.337,4.23,4.3,4.12,5.05,0.07,0.53,4.24,5.94,3.93,5.99,1.7,0.907,5.79,6.07,5.23,6.07,0.28,0.016,1,1,487.97,0.06071211199026183,2021-01-05,0.057196091600407284,0.07482378854625549,0.3481696366901508,0.8624809160305345,,0.06517086105490977,0.22571086276439356,0.7467259784402485
-4.44,-3.27,-5.71,-3.07,1.17,0.809,-3.08,-1.5,-3.83,-0.2,1.58,5.261,-1.6,1.24,-2.73,1.76,2.84,1.799,1.04,1.57,0.48,1.77,0.53,0.811,1.64,2.07,1.5,2.92,0.43,0.963,2.09,3.72,1.05,5.01,1.63,2.21,3.79,0.87,-0.39,4.09,-2.92,2.495,0.8,-0.94,-1.46,1.34,-1.74,2.396,-1.0,1.23,-1.0,1.23,2.23,0.046,1,2,493.95,0.012254851732688365,2021-01-06,0.05888784085062593,0.11627118644067802,0.3699902926085148,0.9472148854811369,,0.06310425157640442,0.22912822995000393,0.7547203381334977
0.64,1.85,0.64,2.04,1.21,0.02,2.17,4.66,2.08,4.69,2.49,3.641,4.83,7.06,4.4,7.1,2.23,1.686,7.08,6.26,6.24,7.91,-0.82,1.121,6.49,6.97,5.99,7.2,0.48,0.566,6.99,7.29,6.21,7.62,0.3,0.578,7.45,7.35,7.11,7.62,-0.1,0.302,7.25,8.93,7.25,9.69,1.68,1.266,8.58,9.32,8.57,10.11,0.74,0.16,1,3,539.99,0.09320781455612925,2021-01-07,0.17378923571863303,0.22308040770101933,0.41859976356232775,1.0194846478925914,,0.12890276381332422,0.32582295779680903,0.9009053104217943
1.4,4.26,1.4,4.63,2.86,0.551,4.19,2.88,2.61,5.4,-1.31,5.747,3.36,1.91,-0.32,3.57,-1.45,2.782,2.11,1.0,0.37,2.23,-1.11,1.22,0.93,0.31,0.09,1.75,-0.62,0.579,0.24,-2.41,-3.81,0.41,-2.65,2.086,-2.34,-1.08,-2.42,-0.39,1.26,1.119,-1.02,-0.33,-1.94,-0.33,0.69,1.163,-0.59,-0.17,-2.12,0.18,0.42,0.0,1,4,539.0601,-0.0017220689272022804,2021-01-08,0.10469926429903476,0.2463817341040464,0.39652875647668395,1.0129204630321134,,0.10153161741187744,0.306957339850745,0.8808328610005458
-1.12,-2.75,-3.54,-1.12,-1.63,1.956,-2.7,1.89,-2.79,1.98,4.59,6.072,2.03,3.78,1.76,4.32,1.75,2.092,3.59,3.92,1.98,3.92,0.33,1.031,3.82,4.47,3.27,5.0,0.65,0.668,4.66,4.43,4.15,5.39,-0.23,0.651,4.26,4.07,3.21,4.28,-0.19,0.707,3.94,3.21,2.4,3.94,-0.73,0.947,3.21,4.63,3.14,4.72,1.42,0.17,3,0,564.0,0.04626552772130599,2021-01-11,0.14181597327664752,0.26795710528090644,0.485813641033747,0.9824253075571177,,0.12140224255100796,0.34800132876666146,0.949080252888554
0.49,0.18,-0.53,1.04,-0.31,0.041,0.17,-0.71,-2.38,0.68,-0.88,4.31,-0.53,1.05,-1.23,1.66,1.58,1.919,0.76,1.17,0.6,3.08,0.41,1.577,1.25,1.14,-0.92,1.4,-0.11,1.083,0.92,0.96,0.5,1.86,0.04,0.726,0.85,-0.2,-0.77,1.17,-1.05,0.723,-0.2,0.39,-0.71,0.7,0.59,0.852,0.58,0.49,-0.09,0.58,-0.09,0.396,1,1,566.76,0.004893617021276553,2021-01-12,0.04957499212948391,0.27648648648648644,0.4485508357613863,0.8401298701298701,,0.10147786875842502,0.336019509296537,0.9401125597776672
-1.18,2.21,-1.42,2.33,3.39,0.644,2.21,0.49,-0.36,3.04,-1.72,3.763,0.57,1.03,-1.02,1.81,0.46,1.657,1.1,0.22,-0.16,1.12,-0.88,0.596,0.15,0.39,-0.35,0.58,0.24,0.634,0.56,1.28,0.56,1.63,0.72,0.282,1.36,1.01,0.9,1.81,-0.35,0.546,1.04,0.22,-0.04,1.13,-0.82,0.82,0.36,0.36,0.31,0.66,0.0,0.0,1,2,568.79,0.003581763003740468,2021-01-13,0.05515136438404533,0.29532463391860797,0.38374893565259693,1.3699583333333334,,0.08463303266975619,0.3231214358968475,0.9288847410124395
1.97,3.2,0.61,3.38,1.23,1.087,3.36,6.7,3.36,6.77,3.34,3.391,6.75,8.3,6.29,8.56,1.55,1.582,8.4,9.14,8.19,9.74,0.74,1.288,9.44,8.94,7.97,9.71,-0.5,0.999,8.91,7.87,7.78,8.94,-1.04,0.621,7.8,8.08,7.77,8.61,0.28,0.473,8.14,6.38,6.15,8.37,-1.76,1.287,6.51,6.51,6.51,6.89,0.0,0.0,1,3,605.8,0.0650679512649659,2021-01-14,0.07411347517730493,0.31247698073964947,0.41704287619003066,1.4721485411140582,,0.12350305832876951,0.3869568839456805,1.0330634829758116
-0.46,0.03,-0.46,0.69,0.49,0.043,-0.48,-3.37,-3.73,-0.18,-2.89,4.541,-3.07,-6.42,-8.12,-3.07,-3.35,3.318,-6.49,-5.49,-7.56,-4.48,1.0,1.865,-5.78,-4.62,-6.23,-4.43,1.16,0.657,-4.56,-4.26,-5.12,-3.88,0.3,0.644,-4.4,-5.18,-5.58,-4.31,-0.78,0.636,-5.1,-6.16,-6.55,-4.75,-1.06,1.352,-6.35,-6.4,-7.07,-6.35,-0.05,0.255,1,4,567.0,-0.06404754044239014,2021-01-15,0.0004234596654668632,0.21548619447779105,0.3162782059615563,1.6682352941176473,,0.041781974135327804,0.2831244370355459,0.8859085387575474
4.1,4.39,3.35,4.59,0.29,0.365,4.53,6.04,4.26,6.32,1.51,4.606,6.11,6.54,5.22,7.05,0.43,2.09,6.54,6.39,5.99,7.2,-0.15,1.342,6.39,7.63,6.08,7.63,1.24,0.549,7.68,9.07,7.68,9.17,1.39,0.702,8.99,9.89,8.81,10.34,0.9,0.649,9.83,10.16,9.38,10.57,0.33,1.106,10.23,11.46,9.7,11.46,1.23,0.0,4,1,632.0,0.11463844797178124,2021-01-19,0.111130645756782,0.373793583166681,0.45806898142807717,1.7008535466437835,,0.1281432876325559,0.4064904165660348,1.0793040392542794
1.27,2.37,1.27,2.89,1.1,0.271,2.44,1.13,0.31,3.29,-1.31,4.778,1.13,-0.15,-0.63,2.53,-1.28,2.027,-0.2,-2.04,-2.69,-0.2,-1.84,1.285,-1.98,-1.98,-2.3,-1.55,0.0,0.519,-1.98,-2.12,-2.29,-1.68,-0.14,0.29,-2.35,-2.02,-2.81,-1.97,0.33,0.349,-2.01,-1.9,-2.14,-1.46,0.11,0.683,-1.93,-1.11,-1.93,-1.11,0.82,0.0,1,2,624.99,-0.011091772151898716,2021-01-20,0.031677121162099864,0.2807959505707318,0.3440645161290323,1.7976275738585499,,0.0926584889629316,0.36989086434830454,1.0348548343488826
-1.18,1.12,-1.44,2.56,2.3,1.49,1.73,-0.62,-0.82,1.85,-2.35,4.007,-0.55,1.2,-0.82,1.39,1.75,1.221,1.14,0.26,0.0,1.18,-0.88,0.373,0.42,-0.87,-1.36,0.44,-1.29,1.349,-0.63,0.93,-0.63,1.26,1.56,0.51,1.01,2.17,0.89,2.22,1.16,0.643,2.12,3.42,1.62,4.45,1.3,1.972,3.58,2.5,2.5,4.0,-1.08,0.227,1,3,640.6,0.024976399622393952,2021-01-21,0.12980599647266322,0.29689239801599365,0.35433403805496844,1.9415005969326846,,0.09604557308234862,0.3822016602895679,1.063387881332921
-1.19,-1.65,-2.44,-0.94,-0.46,0.347,-1.65,-1.1,-2.59,-0.54,0.55,3.647,-1.15,-2.85,-3.51,-1.15,-1.7,1.664,-2.66,-2.94,-3.37,-2.22,-0.28,0.77,-2.82,-4.03,-4.03,-2.58,-1.21,0.666,-3.95,-4.04,-4.53,-3.45,-0.09,0.542,-4.21,-3.63,-4.46,-3.49,0.58,0.488,-3.56,-4.48,-4.48,-3.4,-0.92,0.747,-4.49,-4.0,-4.68,-3.69,0.49,0.063,1,4,615.0,-0.03996253512332193,2021-01-22,-0.026898734177215222,0.1389099798144411,0.28119661680763297,1.6169099187268627,,0.04234353276436753,0.31016620191967514,0.9617817115653793
1.31,2.07,1.31,2.33,0.76,0.443,2.47,2.03,1.68,2.78,-0.44,2.886,2.31,-2.33,-2.37,2.64,-4.64,1.865,-2.18,-1.23,-5.79,-1.08,0.95,3.612,-0.91,-1.59,-4.15,-0.74,-0.68,1.609,-1.5,-0.34,-2.19,-0.33,1.16,0.854,-0.52,-0.88,-1.27,-0.22,-0.36,0.471,-0.97,-0.16,-2.31,0.0,0.81,1.066,-0.08,-0.65,-0.65,0.0,-0.57,0.003,3,0,611.0,-0.006504065040650375,2021-01-25,-0.022384358149730388,0.13345432169808147,0.39497716894977164,1.4938775510204083,,0.02891092579469512,0.2864273791013334,0.9307896960207318
0.33,0.82,0.33,0.82,0.49,0.0,0.77,-1.31,-2.33,0.77,-2.08,3.44,-1.16,-1.06,-1.94,0.02,0.1,1.306,-1.31,-3.27,-3.27,-1.05,-1.96,1.075,-3.23,-2.85,-3.55,-2.52,0.38,0.538,-2.85,-2.65,-2.85,-1.96,0.2,0.254,-2.68,-3.4,-3.73,-2.5,-0.72,0.608,-3.47,-3.93,-4.26,-2.94,-0.46,1.036,-4.12,-4.26,-4.58,-1.96,-0.14,0.957,1,1,585.0,-0.04255319148936165,2021-01-26,-0.08679363097096471,0.037234042553191404,0.35103926096997684,1.4273858921161824,,-0.01220141748218495,0.22059580024942838,0.8331492031606658
-2.56,-5.45,-5.81,-2.39,-2.89,0.995,-5.03,-9.34,-12.33,-5.0,-4.31,8.64,-9.34,-7.84,-9.66,-6.52,1.5,3.719,-7.7,-11.62,-11.62,-7.7,-3.92,1.886,-11.68,-8.25,-12.1,-8.05,3.43,1.754,-8.26,-9.9,-10.09,-8.03,-1.64,1.337,-9.75,-13.89,-14.03,-9.01,-4.14,2.309,-14.19,-15.32,-16.57,-13.5,-1.13,3.178,-15.32,-16.07,-16.24,-14.36,-0.75,0.253,1,2,491.0,-0.16068376068376067,2021-01-27,-0.20162601626016263,-0.13367210106570682,0.15801886792452824,1.0630252100840338,,-0.1443328686184785,0.023483899105344985,0.5303903446924172
-0.29,7.74,-0.29,7.74,8.03,0.739,6.93,4.79,4.4,7.64,-2.14,4.472,4.78,6.93,4.48,7.39,2.15,2.981,7.12,8.73,6.92,9.34,1.61,2.016,9.06,9.95,7.75,10.79,0.89,1.367,9.93,11.45,9.22,11.74,1.52,1.125,11.43,10.77,9.74,11.47,-0.66,1.435,10.34,6.92,6.92,10.43,-3.42,2.027,7.33,8.96,7.33,9.5,1.63,0.434,1,3,535.0,0.08961303462321801,2021-01-28,-0.12438625204582654,-0.059406810949559574,0.2113664666591193,1.3672566371681416,,-0.05604258790274297,0.11018590825984109,0.6565303905780304
-2.15,-0.75,-3.74,-0.75,1.4,0.624,-0.92,-1.69,-4.39,-0.61,-0.77,4.795,-1.69,-0.99,-3.18,0.43,0.7,2.737,-0.89,-2.56,-4.39,-0.66,-1.67,2.046,-2.71,-7.24,-7.76,-2.58,-4.53,2.686,-7.36,-6.56,-7.71,-5.15,0.8,2.86,-5.98,-6.47,-7.56,-4.99,-0.49,1.697,-6.6,-6.35,-6.6,-3.48,0.25,2.443,-6.35,-6.48,-7.29,-6.17,-0.13,0.011,1,4,500.34,-0.064785046728972,2021-01-29,-0.14471794871794874,-0.17408385605810495,0.09723684210526318,1.1944736842105264,,-0.09797611017383223,0.03670689531482885,0.5407918786161774
1.93,5.08,1.93,5.33,3.15,0.739,5.19,4.93,4.38,6.71,-0.26,5.373,4.54,5.05,3.84,6.53,0.51,2.292,4.33,7.88,4.23,7.98,3.55,1.754,8.13,9.87,8.07,9.87,1.74,1.191,9.87,11.12,9.8,11.12,1.25,0.84,11.03,11.63,10.69,12.15,0.6,1.1,11.69,11.65,11.36,12.5,-0.04,1.522,11.97,11.97,10.77,11.97,0.0,0.416,3,0,560.22,0.11967861853939343,2021-02-01,0.14097759674134425,-0.011957671957671945,0.22052287581699348,1.4357391304347829,,0.008148107322940357,0.1535056440477467,0.7128322023593394
3.0,4.63,3.0,4.77,1.63,0.071,4.78,2.38,1.67,4.85,-2.4,4.472,2.41,1.08,0.32,2.5,-1.33,2.616,0.85,1.78,0.32,1.95,0.93,0.934,1.64,2.13,1.64,2.69,0.49,0.632,2.2,2.48,1.52,3.05,0.28,0.451,2.36,4.06,2.26,4.06,1.7,0.456,3.95,4.56,3.8,4.78,0.61,0.919,4.55,4.82,3.57,4.82,0.27,0.094,1,1,587.25,0.04824890221698608,2021-02-02,0.09766355140186911,-0.07080696202531644,0.29236355633802824,1.735211923614346,,0.04598979873816389,0.19932370057967885,0.7813745949875652
0.69,0.47,0.47,2.0,-0.22,1.491,0.81,-0.88,-1.54,1.65,-1.69,3.928,-0.72,-4.09,-4.63,-0.72,-3.37,2.52,-4.16,-4.8,-5.2,-3.66,-0.64,1.182,-4.68,-4.89,-5.7,-4.6,-0.21,0.639,-4.86,-5.05,-5.47,-4.63,-0.19,0.465,-5.02,-5.69,-5.7,-4.89,-0.67,0.529,-5.8,-6.46,-6.59,-5.69,-0.66,1.223,-6.43,-7.19,-8.9,-6.43,-0.76,0.494,1,2,545.0,-0.07194550872711791,2021-02-03,0.0892593036735021,-0.12798604777676448,0.20044052863436113,1.405756157852918,,-0.02407173803488938,0.10812558917431447,0.6425368139510261
-0.3,0.0,-0.92,0.35,0.3,0.333,0.05,-0.5,-2.21,0.36,-0.55,3.898,-0.37,0.55,-1.28,1.26,0.92,1.472,0.54,1.17,-0.1,1.6,0.63,0.651,1.1,2.02,1.1,2.75,0.92,0.808,2.06,1.44,1.39,2.52,-0.62,0.367,1.47,1.28,0.69,1.47,-0.19,0.376,1.28,3.51,1.16,3.51,2.23,0.816,3.32,2.94,2.39,3.67,-0.38,0.195,1,3,561.0,0.029357798165137616,2021-02-04,0.0013923101638642077,-0.12425850764907898,0.2677966101694915,1.4391304347826086,,0.003743637740935002,0.1344003766941375,0.6792164629219382
0.37,1.78,0.37,2.14,1.41,0.1,2.5,-1.28,-1.45,2.5,-3.78,3.181,-1.42,-0.83,-2.04,-0.63,0.59,1.377,-0.83,-2.02,-2.16,-0.67,-1.19,1.044,-2.0,-1.22,-2.18,-1.08,0.78,0.43,-1.22,-1.84,-1.92,-0.81,-0.62,0.386,-1.82,-1.21,-1.97,-1.03,0.61,0.403,-1.29,-1.89,-1.93,-1.25,-0.6,0.562,-1.81,-1.6,-1.87,-1.43,0.21,0.051,1,4,552.0,-0.016042780748663055,2021-02-05,-0.0600255427841635,-0.10243902439024388,0.2502831257078142,1.176312884403091,,-0.010134848142082098,0.11113807372281292,0.6416225059722693
1.63,1.79,0.91,1.99,0.16,0.097,1.81,5.11,1.75,5.96,3.3,3.606,5.07,5.51,3.99,5.96,0.44,1.647,5.56,5.33,4.27,5.72,-0.23,1.216,5.34,6.85,5.34,7.38,1.51,1.051,6.8,6.98,6.51,7.53,0.18,0.855,6.99,7.97,6.93,8.22,0.98,0.747,8.01,9.0,7.95,9.03,0.99,0.955,9.06,8.96,8.33,9.06,-0.1,0.295,3,0,601.46,0.08960144927536229,2021-02-08,0.10359633027522941,-0.015613747954173474,0.39065895953757224,1.3840025367632487,,0.06337000283770267,0.2007760593769672,0.7747859137936128
0.09,-1.24,-1.74,0.09,-1.33,0.596,-1.17,-0.24,-2.63,0.08,0.93,3.429,-0.27,0.26,-0.41,1.1,0.53,1.347,0.41,-0.2,-1.9,0.41,-0.61,1.144,-0.32,-0.75,-0.86,0.31,-0.43,0.459,-0.81,-1.27,-1.43,-0.51,-0.46,0.285,-1.29,-0.72,-1.38,-0.68,0.57,0.326,-0.67,-1.16,-1.55,-0.17,-0.49,0.706,-1.19,-1.19,-1.24,-0.59,0.0,0.5,1,1,594.33,-0.011854487413959336,2021-02-09,0.0594117647058825,0.015948717948718105,0.33614352195319364,1.3307058823529414,,0.0411545729828906,0.1779245420995259,0.7406916059956745
1.29,2.6,1.29,2.6,1.31,0.377,2.64,3.57,0.97,3.78,0.93,3.382,3.54,-0.37,-3.14,4.27,-3.91,4.164,-0.62,0.79,-1.43,1.52,1.41,2.265,0.67,0.92,-0.14,1.18,0.25,0.983,1.14,0.54,0.21,1.34,-0.6,0.416,0.57,2.07,0.57,2.22,1.5,1.058,2.19,0.82,-0.15,2.45,-1.37,1.502,0.95,0.53,0.53,0.95,-0.42,0.0,1,2,597.46,0.005266434472431136,2021-02-10,0.08235507246376828,0.21682281059063135,0.3456306306306307,1.212814814814815,,0.037837310378613154,0.17563906042670507,0.7368993483749133
1.34,2.65,1.34,2.65,1.31,0.268,2.65,4.3,2.65,5.31,1.65,4.032,4.0,6.28,3.76,7.2,2.28,1.67,6.28,8.38,5.9,8.53,2.1,1.677,8.36,7.96,5.12,8.95,-0.4,2.463,7.82,9.38,7.4,9.96,1.56,1.301,9.31,9.65,8.46,9.97,0.34,1.456,9.65,10.76,9.28,10.76,1.11,1.54,10.88,11.14,10.38,11.14,0.26,0.041,1,3,664.0,0.11137147256720104,2021-02-11,0.10398031456788481,0.2411214953271028,0.5121495752772653,1.7438016528925622,,0.12212115324102313,0.2910501662619909,0.9126348990297604
-0.75,-1.88,-1.95,-0.6,-1.13,0.58,-1.58,0.25,-2.85,0.37,1.83,3.49,0.05,3.68,0.0,3.77,3.63,2.495,3.73,2.57,2.49,3.95,-1.16,1.44,2.55,2.82,1.97,3.78,0.27,1.274,2.79,1.77,1.58,3.08,-1.02,1.137,1.61,1.86,0.83,1.94,0.25,0.707,1.85,3.47,1.74,3.47,1.62,0.98,3.4,3.4,2.44,3.61,0.0,0.231,1,4,686.6,0.03403614457831328,2021-02-12,0.15525045008665206,0.37226685853619546,0.4875316853348355,1.5524163568773237,,0.1274509260873573,0.31768219517471263,0.958678238287932
1.39,3.37,1.39,4.86,1.98,0.606,3.42,3.24,1.26,3.77,-0.18,3.78,3.31,3.36,2.19,4.54,0.05,2.196,3.42,1.29,1.11,3.81,-2.13,1.918,1.23,1.93,0.08,2.04,0.7,1.684,1.85,0.76,0.69,2.38,-1.09,1.065,0.87,1.96,0.87,2.1,1.09,0.572,1.8,1.59,0.99,2.15,-0.21,1.233,1.77,1.22,1.22,2.17,-0.55,0.0,4,1,695.0,0.012234197494902288,2021-02-16,0.16325779131657336,0.24058405626361057,0.48988166695249524,1.6476190476190475,,0.11267012772844809,0.3165686833441699,0.9634434802484748
